Hashtag,Degree,Betweenness,Eigenvector,Community,Misinfo_Count,Reliable_Count,Total_Count,Misinfo_Ratio
coronavirus,0.4698529411764706,0.39063296538833653,0.36803079999392274,0,427,360,787,0.542566709021601
covid19,0.46249999999999997,0.4360726707723825,0.3782209659842827,3,311,2109,2420,0.12851239669421488
covidー19,0.10073529411764706,0.02805708912554273,0.18139254540632035,2,23,122,145,0.15862068965517243
covid_19,0.09926470588235294,0.02681098020828157,0.1797055526020525,2,24,132,156,0.15384615384615385
covid,0.09264705882352942,0.025200724347583053,0.16310465265506865,2,18,156,174,0.10344827586206896
donaldtrump,0.07941176470588235,0.04579881520697396,0.053065138496439804,0,100,0,100,1.0
coronavirusupdates,0.06838235294117646,0.0020041095297762854,0.151787097969143,2,9,287,296,0.030405405405405407
coronavirusindia,0.06764705882352941,0.006841521482758879,0.14887355881732728,2,3,93,96,0.03125
covid__19,0.06764705882352941,0.002392681478661199,0.15136230938023104,2,4,99,103,0.038834951456310676
covidupdates,0.05808823529411765,0.0004299224633152427,0.14045096543532803,2,0,70,70,0.0
coronaupdates,0.054411764705882354,0.0009724566484980642,0.1353036624624305,2,0,63,63,0.0
corona,0.05073529411764706,0.012454449024701737,0.09334178664474739,2,21,27,48,0.4375
china,0.05,0.00991999748645673,0.05833941254667939,0,28,6,34,0.8235294117647058
pandemic,0.04044117647058824,0.01644039412115678,0.05826341290543108,0,32,4,36,0.8888888888888888
covid19india,0.04044117647058824,0.0002844087053413776,0.11280347789536675,2,2,49,51,0.0392156862745098
virus,0.03897058823529412,0.0030166268551806374,0.04704989177195826,0,12,3,15,0.8
coronaviruspandemic,0.03823529411764706,0.000755349811658631,0.10532063095118616,2,4,45,49,0.08163265306122448
health,0.03455882352941177,0.0026637243403863286,0.044389911207568945,0,22,1,23,0.9565217391304348
indiafightscorona,0.03161764705882353,0.0088649636158275,0.05281713710109781,1,5,546,551,0.009074410163339383
flu,0.030882352941176472,0.0026717794965574527,0.04908332707973488,3,0,14,14,0.0
wuhan,0.030882352941176472,0.005426796312983715,0.04329436833160865,0,13,2,15,0.8666666666666667
delhi,0.030882352941176472,0.016731533326773892,0.07030658772670609,12,6,5,11,0.5454545454545454
economy,0.028676470588235293,0.0014453988085705138,0.046615939982250484,0,4,1,5,0.8
travel,0.028676470588235293,0.0013216124143944586,0.04527900830287078,0,2,1,3,0.6666666666666666
factcheck,0.027205882352941177,0.002099582769893949,0.043093527548277416,4,40,0,40,1.0
staysafe,0.027205882352941177,0.007889087683380024,0.057243925342097636,1,4,224,228,0.017543859649122806
wearamask,0.026470588235294117,5.277362968734219e-05,0.036072664444749145,3,0,26,26,0.0
hiv,0.025735294117647058,0.0017584708059053915,0.04454576997747356,3,0,7,7,0.0
dyk,0.025735294117647058,4.4182573691728344e-05,0.03593262312641367,3,0,18,18,0.0
strongertogether,0.02426470588235294,0.0004676228175127628,0.035116620557464256,3,1,1,2,0.5
stds,0.02426470588235294,0.0015713953610306344,0.04441405777754713,3,1,1,2,0.5
usa,0.023529411764705882,0.0025761867499506795,0.044430161445965975,7,3,5,8,0.375
hurricane,0.023529411764705882,0.001669914790441141,0.04335232367708767,3,1,1,2,0.5
malaria,0.022794117647058822,1.4727524563909449e-05,0.034479243038985495,3,0,4,4,0.0
gujarat,0.022794117647058822,0.0007386196859819674,0.07273566222078869,2,1,9,10,0.1
fluvaccine,0.022794117647058822,0.0,0.03479604634035439,3,0,2,2,0.0
wildfires,0.022058823529411763,5.509140839982611e-05,0.03441969742932999,3,0,2,2,0.0
worldmosquitoday,0.022058823529411763,7.363762281954724e-06,0.034221005017402044,3,0,2,2,0.0
hcps,0.022058823529411763,3.681881140977362e-06,0.034206752293971486,3,0,19,19,0.0
recoveryrate,0.022058823529411763,0.0006101159489923596,0.07512486134334406,2,0,15,15,0.0
doyourpart,0.022058823529411763,4.9091748546364826e-06,0.03423378818857392,3,0,2,2,0.0
publichealth,0.022058823529411763,7.363762281954724e-06,0.03420675229397149,3,0,3,3,0.0
wildfire,0.022058823529411763,0.001509698370146687,0.042734501610335894,3,0,7,7,0.0
cdcyrbs,0.021323529411764706,0.0,0.033966918234184455,3,0,1,1,0.0
extremeheat,0.021323529411764706,0.0,0.033966918234184455,3,0,1,1,0.0
afm,0.021323529411764706,0.0,0.033966918234184455,3,0,1,1,0.0
oralhealth,0.021323529411764706,0.0,0.033966918234184455,3,0,1,1,0.0
covidview,0.021323529411764706,0.0,0.033966918234184455,3,0,52,52,0.0
stis,0.021323529411764706,0.0,0.033966918234184455,3,0,1,1,0.0
hepatitisb,0.021323529411764706,0.0,0.033966918234184455,3,0,1,1,0.0
bloodplasma,0.021323529411764706,0.0,0.033966918234184455,3,0,1,1,0.0
pregnancy,0.021323529411764706,0.0,0.033966918234184455,3,0,1,1,0.0
fluvaccines,0.021323529411764706,0.0,0.033966918234184455,3,0,1,1,0.0
parents,0.021323529411764706,0.0,0.033966918234184455,3,0,4,4,0.0
covidstopswithme,0.021323529411764706,0.0,0.033966918234184455,3,0,6,6,0.0
afmawareness,0.021323529411764706,0.0,0.033966918234184455,3,0,1,1,0.0
opioids,0.021323529411764706,0.0,0.033966918234184455,3,0,1,1,0.0
hongkong,0.020588235294117647,0.0016460536349334107,0.035437982271495215,0,3,2,5,0.6
science,0.020588235294117647,0.001149954406903072,0.03613304594663256,0,3,1,4,0.75
healthcare,0.020588235294117647,0.0006773341028888198,0.03812704477904479,0,5,1,6,0.8333333333333334
bihar,0.020588235294117647,0.0006540134883617182,0.0679238758030766,2,0,10,10,0.0
maharashtra,0.020588235294117647,0.00012814243165115645,0.07604995440414841,2,1,13,14,0.07142857142857142
who,0.020588235294117647,0.0010391467031628928,0.04357934728491843,0,4,1,5,0.8
lockdown,0.019852941176470587,0.0025646265646975153,0.03776535702013375,1,13,35,48,0.2708333333333333
nashville,0.019852941176470587,0.0025557915590409693,0.03257065064103298,0,14,0,14,1.0
jobs,0.019852941176470587,0.0008771492803587687,0.036329174260923566,0,2,0,2,1.0
japan,0.01911764705882353,0.00014811681847131785,0.026969273561305244,0,2,0,2,1.0
stayhome,0.01838235294117647,0.007397273027523548,0.03914737403576285,0,5,3,8,0.625
facemasks,0.01838235294117647,0.0016271454110815902,0.04267849023509384,0,9,2,11,0.8181818181818182
quarantine,0.01838235294117647,0.0009154768374976054,0.06359295899498753,2,3,6,9,0.3333333333333333
haryana,0.01764705882352941,0.0005001022404637073,0.06653493229999816,2,0,6,6,0.0
covid2019,0.01764705882352941,0.0019100844143053477,0.03966439751761375,0,9,1,10,0.9
thailand,0.01764705882352941,0.000744189539251141,0.03477937381595751,0,1,3,4,0.25
news,0.01764705882352941,0.00208083924080929,0.029029246925708973,0,6,0,6,1.0
tokyo,0.016911764705882352,0.0,0.025768863500246705,0,1,0,1,1.0
growth,0.016911764705882352,0.0,0.025768863500246705,0,1,0,1,1.0
passengers,0.016911764705882352,0.0,0.025768863500246705,0,1,0,1,1.0
cruises,0.016911764705882352,0.0,0.025768863500246705,0,1,0,1,1.0
xi,0.016911764705882352,0.0,0.025768863500246705,0,1,0,1,1.0
airports,0.016911764705882352,0.0,0.025768863500246705,0,1,0,1,1.0
tourism,0.016911764705882352,0.0,0.025768863500246705,0,1,0,1,1.0
wallstreet,0.016911764705882352,0.0,0.025768863500246705,0,1,0,1,1.0
asia,0.016911764705882352,0.0,0.025768863500246705,0,1,0,1,1.0
yokohama,0.016911764705882352,0.0,0.025768863500246705,0,1,0,1,1.0
shanghai,0.016911764705882352,0.0,0.025768863500246705,0,1,0,1,1.0
singapore,0.016911764705882352,0.0,0.025768863500246705,0,1,0,1,1.0
uttarpradesh,0.016911764705882352,0.0008890268718515172,0.060214611213578975,2,0,8,8,0.0
karnataka,0.016911764705882352,0.0009555934094937966,0.06761275049167974,2,1,5,6,0.16666666666666666
fx,0.016911764705882352,0.0,0.025768863500246705,0,1,0,1,1.0
beijing,0.016911764705882352,0.0,0.025768863500246705,0,1,0,1,1.0
hubei,0.016911764705882352,0.0,0.025768863500246705,0,1,0,1,1.0
bacteria,0.016176470588235292,0.0006120970589275928,0.02772684547921918,17,3,0,3,1.0
coronaupdatesindia,0.016176470588235292,0.0019169462007498357,0.05872596334195732,2,1,2,3,0.3333333333333333
tamilnadu,0.016176470588235292,7.363762281954724e-07,0.06948724543640412,2,0,8,8,0.0
covidindiaseva,0.015441176470588236,4.622806321449356e-06,0.06419960169997167,2,0,7,7,0.0
fatalityrate,0.015441176470588236,4.6023514262217027e-07,0.06839939049542638,2,0,7,7,0.0
2019ncov,0.015441176470588236,0.00020855919356553343,0.037011578194589945,0,1,2,3,0.3333333333333333
cdc,0.014705882352941176,0.0004410970236118756,0.029364539358573277,0,8,0,8,1.0
business,0.014705882352941176,0.0007593672215103872,0.027472614726832496,17,2,0,2,1.0
takeresponsibility,0.014705882352941176,0.00019145781933082283,0.014648233873816021,3,0,100,100,0.0
coronavirusoutbreak,0.014705882352941176,0.013146313924348785,0.03063241379701657,0,11,4,15,0.7333333333333333
immunity,0.014705882352941176,0.0008304431658516107,0.021948757050473035,7,4,0,4,1.0
mumbai,0.014705882352941176,0.00032431277430054756,0.062532025895594,2,0,5,5,0.0
pune,0.013970588235294117,5.664432524580557e-07,0.06484542391801791,2,1,5,6,0.16666666666666666
india,0.013970588235294117,0.011233757055900045,0.030139264501330566,3,7,6,13,0.5384615384615384
death,0.013970588235294117,0.0018806124984070158,0.02868397631465831,0,12,0,12,1.0
coronavirusupdate,0.013970588235294117,0.00020090504261771605,0.0383889167362981,0,19,13,32,0.59375
newyork,0.013235294117647059,0.0031597977005064963,0.02465831852852865,0,5,1,6,0.8333333333333334
mizoram,0.013235294117647059,8.001059499701807e-05,0.05981845635190661,2,0,3,3,0.0
politics,0.013235294117647059,0.0001285324751463245,0.032884045311112414,0,3,1,4,0.75
andhrapradesh,0.013235294117647059,1.3231050705898528e-05,0.0588950635347696,2,0,5,5,0.0
socialdistancing,0.013235294117647059,0.0005279261867888434,0.032490732251093224,0,6,10,16,0.375
indiawillwin,0.013235294117647059,0.005095076893584373,0.0402204638074662,1,0,195,195,0.0
sikkim,0.0125,3.282673031461423e-05,0.0593493513613231,2,0,2,2,0.0
nagaland,0.0125,3.282673031461423e-05,0.0593493513613231,2,0,2,2,0.0
novel,0.0125,1.0444134635798057e-05,0.05988498771626521,2,0,10,10,0.0
telangana,0.0125,1.645023779738854e-05,0.061213718972346114,2,0,6,6,0.0
america,0.0125,0.0009499541265273798,0.029723429259544173,7,3,1,4,0.75
trump,0.011764705882352941,0.000297752064838049,0.03423905350808525,0,1,2,3,0.3333333333333333
manipur,0.011764705882352941,0.0,0.05841405881166432,2,0,2,2,0.0
coronaupdate,0.011764705882352941,0.0002372903867721789,0.057963177155594195,2,2,2,4,0.5
nagpur,0.011764705882352941,4.644834670156057e-06,0.06057666955665628,2,0,2,2,0.0
ahmedabad,0.011029411764705881,0.0,0.05571742205763486,2,0,2,2,0.0
thane,0.011029411764705881,0.0,0.05613809451400425,2,0,3,3,0.0
icu,0.011029411764705881,9.148916774549809e-07,0.05656766822279383,2,0,3,3,0.0
education,0.011029411764705881,7.486491653320637e-05,0.015175537605534917,17,2,0,2,1.0
research,0.011029411764705881,7.072133918566201e-05,0.029686970556577572,0,1,1,2,0.5
homeopathic,0.011029411764705881,0.002042606710778053,0.023382710076498586,8,2,0,2,1.0
coronaupdatesinindia,0.011029411764705881,0.0020414978960679197,0.04236679764556457,2,1,4,5,0.2
maharastra,0.011029411764705881,1.1328865049161114e-06,0.054013027137774075,2,0,4,4,0.0
homequarantine,0.011029411764705881,0.000250225473009388,0.04395954979406445,12,0,6,6,0.0
ventilator,0.011029411764705881,9.148916774549809e-07,0.05656766822279383,2,0,2,2,0.0
food,0.011029411764705881,0.0014072831259180876,0.02627829189996289,7,2,2,4,0.5
vadodara,0.011029411764705881,0.0,0.05571742205763486,2,0,2,2,0.0
asymptomatic,0.011029411764705881,0.0001079246045403038,0.03641676428059725,3,0,10,10,0.0
surat,0.010294117647058823,0.0,0.05211142384450695,2,0,1,1,0.0
mehsana,0.010294117647058823,0.0,0.05211142384450695,2,0,1,1,0.0
bhagalpur,0.010294117647058823,0.0,0.055906513192423,2,0,1,1,0.0
patna,0.010294117647058823,0.0,0.055906513192423,2,0,1,1,0.0
dranthonyfauci,0.010294117647058823,0.0011686968143836572,0.02360165251774193,0,8,0,8,1.0
gurugram,0.010294117647058823,0.0,0.057547551202645576,2,0,2,2,0.0
facebook,0.010294117647058823,0.0017158131514443374,0.02344727109823707,17,3,0,3,1.0
regionalsecurity,0.010294117647058823,0.0,0.029429892526358487,0,0,1,1,0.0
travellers,0.010294117647058823,0.0,0.029429892526358487,0,0,1,1,0.0
media,0.010294117647058823,0.004885141221475113,0.0233038865281663,0,6,1,7,0.8571428571428571
nalanda,0.010294117647058823,0.0,0.055906513192423,2,0,1,1,0.0
rajkot,0.010294117647058823,0.0,0.05211142384450695,2,0,1,1,0.0
medicine,0.010294117647058823,0.0,0.029429892526358487,0,0,1,1,0.0
sonipat,0.010294117647058823,0.0,0.057547551202645576,2,0,1,1,0.0
coronavirusfacts,0.009558823529411765,0.0018474777717385894,0.033925689531595825,4,83,0,83,1.0
shivamogga,0.009558823529411765,0.0,0.0557403331113897,2,0,1,1,0.0
wuhancoronavirus,0.009558823529411765,0.002555919799888791,0.022288319223349493,0,8,5,13,0.6153846153846154
n95,0.009558823529411765,0.000635782200372838,0.019003938991754513,0,1,4,5,0.2
nyc,0.009558823529411765,0.0002449840093392878,0.02500816704448681,0,7,0,7,1.0
jammuandkashmir,0.009558823529411765,0.0,0.05592365878421924,2,0,1,1,0.0
unlock4,0.009558823529411765,3.750921978072502e-05,0.04283733984537235,1,0,14,14,0.0
jalgaon,0.009558823529411765,0.0,0.04929853417743286,2,0,1,1,0.0
chennai,0.009558823529411765,0.0,0.05578607357981954,2,0,2,2,0.0
work,0.009558823529411765,0.00013528283277991108,0.024609486646746767,17,2,0,2,1.0
kanniyakumari,0.009558823529411765,0.0,0.05578607357981954,2,0,1,1,0.0
solapur,0.009558823529411765,0.0,0.04929853417743286,2,0,1,1,0.0
isolation,0.009558823529411765,3.763806981083959e-05,0.04897758123697294,2,0,3,3,0.0
rajasthan,0.008823529411764706,6.260951216395313e-05,0.04452287069098792,2,0,3,3,0.0
gujaratcoronaupdate,0.008823529411764706,0.0,0.052093990979203024,2,0,2,2,0.0
fakenews,0.008823529411764706,0.00029685946809356707,0.020695553590501573,4,8,0,8,1.0
gautambuddhnagar,0.008823529411764706,2.714975587086352e-05,0.04338041196562536,2,0,2,2,0.0
london,0.008823529411764706,0.0014200561302686837,0.023441881072432735,17,2,0,2,1.0
animalhusbandry,0.008823529411764706,0.0,0.008259915749346088,7,1,0,1,1.0
kerrygroup,0.008823529411764706,0.0,0.008259915749346088,7,1,0,1,1.0
facemask,0.008823529411764706,0.0008280368683127521,0.028178435679461357,0,0,6,6,0.0
coronaoutbreak,0.008823529411764706,0.0003106261783156957,0.026751605441812425,0,14,0,14,1.0
fridayfeeling,0.008823529411764706,0.0031516180004233494,0.022603711612058684,5,3,0,3,1.0
doublingrate,0.008823529411764706,0.0,0.04981039968947386,2,0,2,2,0.0
cagr,0.008823529411764706,0.0,0.008259915749346088,7,1,0,1,1.0
dietarysupplements,0.008823529411764706,0.0,0.008259915749346088,7,1,0,1,1.0
arunachalpradesh,0.008823529411764706,6.872844796491076e-06,0.037643248258679464,2,0,2,2,0.0
marketresearch,0.008823529411764706,0.0,0.008259915749346088,7,1,0,1,1.0
marketstrategy,0.008823529411764706,0.0,0.008259915749346088,7,1,0,1,1.0
odisha,0.008823529411764706,0.00018133475575070243,0.04490152259501041,2,0,2,2,0.0
beverage,0.008823529411764706,0.0,0.008259915749346088,7,1,0,1,1.0
energy,0.008823529411764706,0.0,0.008259915749346088,7,1,0,1,1.0
nutrients,0.008823529411764706,0.0,0.008259915749346088,7,1,0,1,1.0
futures,0.008088235294117646,0.0,0.014162459851293184,17,1,0,1,1.0
google,0.008088235294117646,0.0,0.014162459851293184,17,1,0,1,1.0
futuretrends,0.008088235294117646,0.0,0.014162459851293184,17,1,0,1,1.0
ladahk,0.008088235294117646,0.0,0.04484820823740617,2,0,1,1,0.0
future,0.008088235294117646,0.0,0.014162459851293184,17,1,0,1,1.0
stayhomestaysafe,0.008088235294117646,0.005932003486905157,0.02001330276885154,22,2,1,3,0.6666666666666666
futurism,0.008088235294117646,0.0,0.014162459851293184,17,1,0,1,1.0
meghalaya,0.008088235294117646,0.0,0.03717414326809595,2,0,1,1,0.0
uttarakhand,0.008088235294117646,0.0,0.04484820823740617,2,0,1,1,0.0
favipiravir,0.008088235294117646,0.0016384371077349262,0.01057481979705564,40,2,0,2,1.0
unlock4guidelines,0.008088235294117646,3.467449366475352e-05,0.040580300689551686,1,0,3,3,0.0
stayathome,0.008088235294117646,0.004709304494759306,0.0229615038075806,0,1,18,19,0.05263157894736842
lucknow,0.008088235294117646,2.8490757592475234e-05,0.037291411908845426,1,0,2,2,0.0
chattisgarh,0.008088235294117646,0.0,0.04484820823740617,2,0,1,1,0.0
tripura,0.008088235294117646,0.00019730621498523367,0.019682713838543035,12,0,2,2,0.0
quarantinecentres,0.008088235294117646,0.0,0.051337105777425736,2,0,1,1,0.0
whitehouse,0.008088235294117646,0.000358227081936553,0.0236781039777296,0,6,0,6,1.0
agra,0.008088235294117646,0.0,0.047403644673596895,2,0,1,1,0.0
oxygentherapy,0.008088235294117646,0.0,0.047547372418072706,2,0,1,1,0.0
gandhinagar,0.008088235294117646,0.0,0.04811339619982735,2,0,2,2,0.0
futurenow,0.008088235294117646,0.0,0.014162459851293184,17,1,0,1,1.0
containmentzones,0.008088235294117646,1.0519660402792463e-06,0.044925141332396626,2,0,3,3,0.0
stayathomesavelives,0.008088235294117646,0.00044022409849047084,0.00604282654699043,14,3,0,3,1.0
communists,0.007352941176470588,0.0,0.0021230263093181215,12,2,0,2,1.0
coronaviruslockdown,0.007352941176470588,2.345246714646793e-05,0.0060367031437282915,14,3,0,3,1.0
hollywood,0.007352941176470588,0.0004340882079134418,0.021735946788045434,0,4,0,4,1.0
safetyfirst,0.007352941176470588,0.0,0.022975224172541702,17,1,0,1,1.0
viruses,0.007352941176470588,0.0,0.022975224172541702,17,1,0,1,1.0
office,0.007352941176470588,0.0,0.022975224172541702,17,1,0,1,1.0
masks,0.007352941176470588,8.027340636118371e-05,0.019696742792686968,4,3,0,3,1.0
kishanganj,0.007352941176470588,0.0,0.04644387603658914,2,0,1,1,0.0
germs,0.007352941176470588,0.0,0.022975224172541702,17,1,0,1,1.0
curfewinindia,0.007352941176470588,2.345246714646793e-05,0.0060367031437282915,14,2,0,2,1.0
epass,0.007352941176470588,0.0,0.038416196877522645,2,0,1,1,0.0
sitamarhi,0.007352941176470588,0.0,0.04644387603658914,2,0,1,1,0.0
symptomatic,0.007352941176470588,0.0008832334439196627,0.03701474070375191,12,0,3,3,0.0
fda,0.007352941176470588,0.0010774178294914714,0.021903278353576975,0,2,0,2,1.0
كورونا,0.007352941176470588,0.0,0.029537544610684852,0,1,0,1,1.0
uvlamp,0.007352941176470588,0.0,0.01333362724328491,17,1,0,1,1.0
beer,0.007352941176470588,0.00011589193948993003,0.014428804752694584,0,3,0,3,1.0
newyorktough,0.007352941176470588,0.0,0.029537544610684852,0,1,0,1,1.0
breaking,0.007352941176470588,0.0010827535797247522,0.02089602978810733,0,5,0,5,1.0
covidtesting,0.007352941176470588,0.0,0.04781533689453779,2,0,2,2,0.0
southdelhi,0.007352941176470588,0.0,0.04390451550092734,2,0,1,1,0.0
balasore,0.007352941176470588,0.0,0.043754893491880324,2,0,1,1,0.0
srikakulam,0.007352941176470588,0.0,0.044089824467285085,2,0,1,1,0.0
uvled,0.007352941176470588,0.0,0.01333362724328491,17,1,0,1,1.0
uvsolution,0.007352941176470588,0.0,0.01333362724328491,17,1,0,1,1.0
21dayslockdown,0.007352941176470588,2.408849619082483e-05,0.01826863545628684,1,2,0,2,1.0
ccpvirus,0.007352941176470588,0.0019661245292819114,0.005748253466813454,36,2,0,2,1.0
cdnpoli,0.007352941176470588,0.003830880442071357,0.02013878777562302,6,10,0,10,1.0
uvlight,0.007352941176470588,0.0,0.01333362724328491,17,1,0,1,1.0
muslims,0.007352941176470588,0.0,0.0021230263093181215,12,2,0,2,1.0
tech,0.007352941176470588,0.0,0.022975224172541702,17,1,0,1,1.0
vellore,0.007352941176470588,0.0,0.046482031253302636,2,0,1,1,0.0
uvdisinfection,0.007352941176470588,0.0,0.01333362724328491,17,1,0,1,1.0
kerala,0.007352941176470588,0.0,0.038416196877522645,2,0,2,2,0.0
florida,0.007352941176470588,9.255848264296841e-05,0.015511934181049337,0,6,0,6,1.0
uva,0.007352941176470588,0.0,0.01333362724328491,17,1,0,1,1.0
killingvirus,0.007352941176470588,0.0,0.01333362724328491,17,1,0,1,1.0
uvc,0.007352941176470588,0.0,0.01333362724328491,17,1,0,1,1.0
nba,0.007352941176470588,0.0,0.011164360337867685,0,3,0,3,1.0
yavatmal,0.006617647058823529,0.0,0.04241037203691069,2,0,1,1,0.0
arizona,0.006617647058823529,0.0,0.012642932686266812,7,0,1,1,0.0
transplant,0.006617647058823529,0.0,0.012642932686266812,7,0,1,1,0.0
socialdistance,0.006617647058823529,0.0001761724237914716,0.024299126255503525,1,1,2,3,0.3333333333333333
latur,0.006617647058823529,0.0,0.04294818221120307,2,0,1,1,0.0
phoenix,0.006617647058823529,0.0,0.012642932686266812,7,0,1,1,0.0
prescott,0.006617647058823529,0.0,0.012642932686266812,7,0,1,1,0.0
jarkhand,0.006617647058823529,0.0,0.04507267904699539,2,0,1,1,0.0
madhyapradesh,0.006617647058823529,0.0,0.009804568509700365,12,0,1,1,0.0
eldercare,0.006617647058823529,0.0,0.012642932686266812,7,0,1,1,0.0
noida,0.006617647058823529,0.0,0.037802963842321,2,0,1,1,0.0
covid19updates,0.006617647058823529,0.0,0.037802963842321,2,0,1,1,0.0
pratapgarh,0.006617647058823529,0.0,0.04224328510725007,2,0,1,1,0.0
hydroxychloroquine,0.006617647058823529,0.0015324061564907531,0.02922019971419755,0,1,7,8,0.125
immunosuppression,0.006617647058823529,0.0,0.012642932686266812,7,0,1,1,0.0
rajahthan,0.006617647058823529,0.0,0.009804568509700365,12,0,1,1,0.0
lockdownnow,0.006617647058823529,0.00023860321174996738,0.004487969444071189,14,2,0,2,1.0
vegan,0.006617647058823529,0.0003012118291885124,0.022696976276261948,0,3,0,3,1.0
chandigarh,0.006617647058823529,0.0,0.009804568509700365,12,0,1,1,0.0
himachalpradesh,0.006617647058823529,0.0,0.009804568509700365,12,0,1,1,0.0
rvlife,0.006617647058823529,0.0,0.012642932686266812,7,0,1,1,0.0
school,0.006617647058823529,1.4727524563909449e-05,0.011362920316452628,17,2,0,2,1.0
cia,0.0058823529411764705,1.1045643422932086e-05,0.014398625120759484,0,2,0,2,1.0
movies,0.0058823529411764705,0.00013544647194173228,0.02209300378506378,0,2,0,2,1.0
coronviruswho,0.0058823529411764705,0.0,0.01723109189918756,0,1,0,1,1.0
reopeningsafely,0.0058823529411764705,0.005242998744751763,0.0010401373153728984,11,0,11,11,0.0
ncov,0.0058823529411764705,0.006114467444743628,0.010818124664052929,0,2,2,4,0.5
jharkhand,0.0058823529411764705,0.00020141464372572097,0.02951878742037477,2,0,2,2,0.0
n95respirator,0.0058823529411764705,0.0,0.01723109189918756,0,1,0,1,1.0
lockdownquery,0.0058823529411764705,0.0,0.00448184604080905,14,1,0,1,1.0
feelbetter,0.0058823529411764705,0.0,0.011191205253739909,8,1,0,1,1.0
area,0.0058823529411764705,0.0,0.011191205253739909,8,1,0,1,1.0
coronacheck,0.0058823529411764705,1.4783044993813075e-05,0.012470857459938107,4,25,0,25,1.0
cases,0.0058823529411764705,0.0,0.011191205253739909,8,1,0,1,1.0
safe,0.0058823529411764705,0.0,0.011191205253739909,8,1,0,1,1.0
covid19outbreak,0.0058823529411764705,0.0,0.03504566233090385,2,0,1,1,0.0
modicovidaddress,0.0058823529411764705,0.0,0.00448184604080905,14,1,0,1,1.0
hantavirus,0.0058823529411764705,0.0,0.00448184604080905,14,1,0,1,1.0
epidemic,0.0058823529411764705,4.072816896800796e-05,0.02379450614151695,0,2,0,2,1.0
ghaziabad,0.0058823529411764705,0.0,0.0337109341436287,2,0,1,1,0.0
icmrfightscovid19,0.0058823529411764705,0.00010406993560921723,0.027821257674524827,3,0,15,15,0.0
highcommissioner,0.0058823529411764705,0.0,0.0020724487212751036,12,1,0,1,1.0
government,0.0058823529411764705,0.001472933975705938,0.02132893948778871,0,3,0,3,1.0
whatsapp,0.0058823529411764705,0.0001741123736191874,0.021126112345548773,4,3,0,3,1.0
persecuted_muslims,0.0058823529411764705,0.0,0.0020724487212751036,12,1,0,1,1.0
chinas,0.0058823529411764705,0.0,0.0020724487212751036,12,1,0,1,1.0
dictatorship,0.0058823529411764705,5.655791091629017e-05,0.004478586136405288,0,2,0,2,1.0
cancel_ca_cs_exams,0.0058823529411764705,0.0,2.7498574145550253e-22,20,4,0,4,1.0
westbengal,0.0058823529411764705,0.0,0.042036850918489375,2,0,2,2,0.0
protest,0.0058823529411764705,0.0,0.0020724487212751036,12,1,0,1,1.0
worried,0.0058823529411764705,0.0,0.011191205253739909,8,1,0,1,1.0
c19,0.0058823529411764705,7.990558714287775e-05,0.0127045504727496,0,3,0,3,1.0
remedy,0.0058823529411764705,0.0,0.011191205253739909,8,1,0,1,1.0
urban_naxals,0.0058823529411764705,0.0,0.0020724487212751036,12,1,0,1,1.0
maoists,0.0058823529411764705,0.0,0.0020724487212751036,12,1,0,1,1.0
feeling,0.0058823529411764705,0.0,0.011191205253739909,8,1,0,1,1.0
chittoor,0.0058823529411764705,0.0,0.03813723187115848,2,0,1,1,0.0
maga,0.0058823529411764705,0.0017337900942418266,0.012014310382142885,0,4,1,5,0.8
factchecking,0.0058823529411764705,0.00016822720804940297,0.021735663870649635,4,3,0,3,1.0
homeisolation,0.0058823529411764705,9.08620197202371e-05,0.018279990124151366,12,0,7,7,0.0
sharukhkhan,0.005147058823529412,0.0,0.010814174106606098,29,1,0,1,1.0
coronawarriors,0.005147058823529412,0.00033155394366734376,0.014459605294860067,1,2,0,2,1.0
iowacaucusdisaster,0.005147058823529412,0.0,0.014284868283772898,0,0,1,1,0.0
talent,0.005147058823529412,0.0,0.010814174106606098,29,1,0,1,1.0
positivevibes,0.005147058823529412,0.0,0.010814174106606098,29,1,0,1,1.0
song,0.005147058823529412,0.0,0.010814174106606098,29,1,0,1,1.0
phdcci,0.005147058823529412,0.0,0.01274862935015221,8,1,0,1,1.0
blind,0.005147058823529412,0.0,0.010814174106606098,29,1,0,1,1.0
deathtoll,0.005147058823529412,0.0,0.014284868283772898,0,0,1,1,0.0
coronavirusinindia,0.005147058823529412,0.0,0.010814174106606098,29,1,0,1,1.0
zalima,0.005147058823529412,0.0,0.010814174106606098,29,1,0,1,1.0
2020presidentialelection,0.005147058823529412,6.896221819608393e-05,0.022572080134414533,0,4,0,4,1.0
bats,0.005147058823529412,2.4545874273182413e-06,0.013820872857055118,0,3,0,3,1.0
cancer,0.005147058823529412,0.0,0.022224656990166788,0,2,1,3,0.6666666666666666
sars,0.005147058823529412,0.0,0.014284868283772898,0,0,3,3,0.0
arsenicum,0.005147058823529412,0.0,0.01274862935015221,8,1,0,1,1.0
preventing,0.005147058823529412,0.0,0.01274862935015221,8,1,0,1,1.0
infection,0.005147058823529412,0.0,0.01274862935015221,8,1,0,1,1.0
sex,0.005147058823529412,2.1915509614347435e-05,0.021431077239437653,0,2,0,2,1.0
drugs,0.005147058823529412,1.6568465134398128e-05,0.010511400376002627,0,3,0,3,1.0
nyclockdown,0.005147058823529412,0.0,0.0222871567270717,0,1,0,1,1.0
nigeria,0.005147058823529412,0.0,0.010569954189990051,3,0,12,12,0.0
newsinphoto,0.005147058823529412,0.0015600101173042183,0.018938838916902512,10,4,0,4,1.0
wereinthistogether,0.005147058823529412,0.0,0.0209060797021777,0,1,0,1,1.0
ukcoronavirus,0.005147058823529412,0.0,0.0209060797021777,0,1,0,1,1.0
londonlockdown,0.005147058823529412,0.0,0.0209060797021777,0,1,0,1,1.0
mask,0.005147058823529412,0.0001477373845923114,0.02070748845538661,3,0,5,5,0.0
covid19uk,0.005147058823529412,0.0,0.0209060797021777,0,2,0,2,1.0
foxnews,0.005147058823529412,0.0008901638655613745,0.010876518667642308,0,4,0,4,1.0
panicbuyers,0.005147058823529412,0.0,0.0209060797021777,0,1,0,1,1.0
datoscoronavirus,0.005147058823529412,0.0007361137679813827,0.020699496547022505,4,18,0,18,1.0
nhl,0.005147058823529412,0.0015426923409279586,0.020755911590624853,0,2,0,2,1.0
disease,0.005147058823529412,0.00011122893858415217,0.020816104776904674,0,2,1,3,0.6666666666666666
fangbin,0.005147058823529412,0.0,0.005737712122351441,36,1,0,1,1.0
陳秋實,0.005147058823529412,0.0,0.005737712122351441,36,1,0,1,1.0
remdesivir,0.005147058823529412,0.0016384371077349262,0.009555001037642766,40,1,2,3,0.3333333333333333
張展,0.005147058823529412,0.0,0.005737712122351441,36,1,0,1,1.0
bjp,0.005147058823529412,0.0,0.011832041393646475,12,0,2,2,0.0
sports,0.005147058823529412,7.363762281954724e-06,0.010821208705980035,0,2,0,2,1.0
zhangzhan,0.005147058823529412,0.0,0.005737712122351441,36,1,0,1,1.0
chenqiushi,0.005147058823529412,0.0,0.005737712122351441,36,1,0,1,1.0
indiafightscovid19,0.005147058823529412,0.0,0.011954582153989375,40,1,7,8,0.125
toiletpaper,0.005147058823529412,0.0001844057234444846,0.011419368727860679,0,4,0,4,1.0
rpharmcoronavir,0.004411764705882353,0.0,0.0005444907219319547,40,1,0,1,1.0
avifavir,0.004411764705882353,0.0,0.0005444907219319547,40,1,0,1,1.0
russiaeverywhere,0.004411764705882353,0.0,0.0005444907219319547,40,1,0,1,1.0
wuhanviruspandemic,0.004411764705882353,0.0,0.0005444907219319547,40,1,0,1,1.0
georgia,0.004411764705882353,1.1045643422932086e-05,0.010153904703045138,0,2,0,2,1.0
handwashing,0.004411764705882353,0.0006658945034967629,0.013783622640731267,1,1,3,4,0.25
norway,0.004411764705882353,0.00018188014670046226,0.01951795151493381,0,1,1,2,0.5
sputnikv,0.004411764705882353,0.0,0.0005444907219319547,40,1,0,1,1.0
21dayschallenge,0.004411764705882353,0.0,0.014227292883448206,1,1,0,1,1.0
antibiotics,0.004411764705882353,0.00018653509642869786,0.01253777858784024,4,1,1,2,0.5
day2lockdown,0.004411764705882353,0.0,0.014227292883448206,1,1,0,1,1.0
edhi,0.004411764705882353,0.0,0.013960248483192085,0,1,0,1,1.0
staysave,0.004411764705882353,0.0,0.013960248483192085,0,1,0,1,1.0
cowurine,0.004411764705882353,0.0,0.014364589297225432,19,1,0,1,1.0
bigpharma,0.004411764705882353,7.92422641119239e-05,0.021097906217545138,0,2,0,2,1.0
gobar,0.004411764705882353,0.0,0.014364589297225432,19,1,0,1,1.0
life,0.004411764705882353,0.003883953298898447,0.014690209060654233,0,2,0,2,1.0
indigo,0.004411764705882353,0.0,0.01275370432331822,18,1,0,1,1.0
flight,0.004411764705882353,0.0,0.01275370432331822,18,1,0,1,1.0
pti,0.004411764705882353,0.0,0.01275370432331822,18,1,0,1,1.0
mikepence,0.004411764705882353,0.0,0.012523099601851075,0,2,0,2,1.0
metro,0.004411764705882353,0.0,0.01275370432331822,18,1,0,1,1.0
airline,0.004411764705882353,0.0,0.01275370432331822,18,1,0,1,1.0
chinesevirus,0.004411764705882353,0.0,0.005692021918708623,1,1,0,1,1.0
asthma,0.004411764705882353,0.0026214993723758817,0.009485789641095563,32,1,1,2,0.5
warning,0.004411764705882353,0.0,0.012330824664675591,0,2,0,2,1.0
jaredkushner,0.004411764705882353,0.0006553748430939704,0.01229064382935668,0,2,0,2,1.0
maddow,0.004411764705882353,0.0,0.01166436564689648,52,1,0,1,1.0
josephbiden,0.004411764705882353,0.00031086765341407593,0.02021858318756191,0,4,0,4,1.0
joniernst,0.004411764705882353,0.0,0.01166436564689648,52,1,0,1,1.0
rogermarshall,0.004411764705882353,0.0,0.01166436564689648,52,1,0,1,1.0
donlemon,0.004411764705882353,0.0,0.01166436564689648,52,1,0,1,1.0
gopcorruptionovercountry,0.004411764705882353,0.0,0.01166436564689648,52,1,0,1,1.0
vladimirputin,0.004411764705882353,0.0013096884725689647,0.011965970872330343,0,2,0,2,1.0
olympicgames,0.004411764705882353,0.0,0.01108755245409966,0,2,0,2,1.0
democrats,0.004411764705882353,3.285505731697785e-05,0.02162576583802941,0,2,0,2,1.0
saturdaynightfever,0.004411764705882353,1.472752456390945e-06,0.01302282747630056,0,2,0,2,1.0
mainbhinewschecker,0.004411764705882353,0.0003276874215469852,0.010587969743884089,4,12,0,12,1.0
polio,0.004411764705882353,1.1045643422932086e-05,0.011157273608203485,3,0,3,3,0.0
newschecker,0.004411764705882353,0.0003276874215469852,0.010587969743884089,4,4,0,4,1.0
boycottchineseproduct,0.004411764705882353,0.0,0.005692021918708623,1,1,0,1,1.0
togetheragainstcovid19,0.004411764705882353,0.00017491138254513135,0.016644059511236348,1,0,3,3,0.0
boycottmadeinchina,0.004411764705882353,0.0,0.005692021918708623,1,1,0,1,1.0
chinaindiafaceoff,0.004411764705882353,0.0,0.005692021918708623,1,1,0,1,1.0
war,0.004411764705882353,0.0,0.013600952886147405,0,2,0,2,1.0
thaalibajao,0.004411764705882353,0.0,0.014364589297225432,19,1,0,1,1.0
bangalore,0.004411764705882353,0.0007001184653405142,0.009865630627877202,5,2,0,2,1.0
bhabhijikapapaad,0.004411764705882353,0.0,0.014364589297225432,19,1,0,1,1.0
freedom,0.004411764705882353,0.0019661245292819114,0.019670987264616142,0,3,0,3,1.0
lightcandles,0.004411764705882353,0.0,0.014364589297225432,19,1,0,1,1.0
inflammation,0.004411764705882353,0.00011730295191185865,0.020857731517410084,0,2,0,2,1.0
edhifoundation,0.004411764705882353,0.0,0.013960248483192085,0,1,0,1,1.0
covid19pandemic,0.004411764705882353,3.979353760145216e-05,0.00749206357560941,1,2,1,3,0.6666666666666666
satire,0.004411764705882353,0.0,0.010179218503488187,0,2,0,2,1.0
propaganda,0.004411764705882353,0.003154503831468802,0.01977068137638925,0,2,1,3,0.6666666666666666
privacy,0.004411764705882353,0.0031581857126097798,0.019757123229442633,0,2,0,2,1.0
coronavirusrelief,0.003676470588235294,0.0,0.010340609643165537,0,1,0,1,1.0
charleslieber,0.003676470588235294,0.0,0.021087560947335812,0,1,0,1,1.0
medtwitter,0.003676470588235294,0.0,0.014867365286641048,0,1,1,2,0.5
roundup,0.003676470588235294,0.0,0.02086570138457316,0,1,0,1,1.0
harvarduniversity,0.003676470588235294,0.0,0.021087560947335812,0,1,0,1,1.0
marijuana,0.003676470588235294,0.0007193168455756106,0.010746256868289533,0,3,0,3,1.0
reposting,0.003676470588235294,0.0,0.011550131993435431,12,0,1,1,0.0
canada,0.003676470588235294,0.0,0.010357281947211042,0,1,0,1,1.0
nanded,0.003676470588235294,0.0,0.028880697237919514,2,0,1,1,0.0
hockey,0.003676470588235294,0.0,0.010357281947211042,0,1,0,1,1.0
elvislives,0.003676470588235294,0.0,0.009953348527567442,0,1,0,1,1.0
elvispresley,0.003676470588235294,0.0,0.009953348527567442,0,1,0,1,1.0
rocknroll,0.003676470588235294,0.0,0.009953348527567442,0,1,0,1,1.0
covid19italy,0.003676470588235294,0.0,0.019859749022289496,0,1,0,1,1.0
covid19ireland,0.003676470588235294,0.0,0.019859749022289496,0,1,0,1,1.0
auspol,0.003676470588235294,0.0003571492377078118,0.011383424063728952,4,6,0,6,1.0
memphis,0.003676470588235294,0.0,0.009953348527567442,0,1,0,1,1.0
gracelands,0.003676470588235294,0.0,0.009953348527567442,0,1,0,1,1.0
coronabeer,0.003676470588235294,5.154633597368306e-06,0.011568391551062773,0,2,0,2,1.0
mcdonalds,0.003676470588235294,0.0001515444744858944,0.019247001644523625,0,2,0,2,1.0
vaccines,0.003676470588235294,1.503065175168725e-05,0.004032133497975194,0,2,0,2,1.0
covid19nigeria,0.003676470588235294,0.0013107496861879408,0.009858006320070828,3,0,150,150,0.0
families,0.003676470588235294,0.0,0.010259011379446148,17,1,0,1,1.0
data,0.003676470588235294,0.0,0.010259011379446148,17,1,0,1,1.0
lakshadweep,0.003676470588235294,0.0,0.01968887802536363,2,0,1,1,0.0
ncov2019,0.003676470588235294,0.004909084691342593,0.009283396626084567,0,1,1,2,0.5
godimedia,0.003676470588235294,0.0,0.011550131993435431,12,0,1,1,0.0
modi,0.003676470588235294,0.0,0.011550131993435431,12,0,1,1,0.0
humour,0.003676470588235294,0.0,0.009959295878278476,0,1,0,1,1.0
adamsilver,0.003676470588235294,0.0,0.009985236083870164,0,1,0,1,1.0
laclippers,0.003676470588235294,0.0,0.009985236083870164,0,1,0,1,1.0
stripclub,0.003676470588235294,0.0,0.009985236083870164,0,1,0,1,1.0
children,0.003676470588235294,0.0,0.010259011379446148,17,1,0,1,1.0
selfquarantine,0.003676470588235294,0.0,0.020632838086145872,0,1,0,1,1.0
blm,0.003676470588235294,0.0,0.009959295878278476,0,1,0,1,1.0
diversity,0.003676470588235294,0.0,0.009959295878278476,0,1,0,1,1.0
lgbtq,0.003676470588235294,0.0,0.009959295878278476,0,1,0,1,1.0
chinese,0.003676470588235294,0.0,0.007713024594702189,0,1,0,1,1.0
kitchen,0.003676470588235294,0.0,0.020868874424387625,0,1,0,1,1.0
covid19pakistan,0.003676470588235294,1.755524524483101e-05,0.01994805230007568,0,5,0,5,1.0
qanda,0.003676470588235294,0.0,0.01191987741126007,4,9,0,9,1.0
roadtrips,0.003676470588235294,0.0,0.010883644870270087,0,1,0,1,1.0
easyoff,0.003676470588235294,0.0,0.0019742648371100695,0,1,0,1,1.0
opthalmology,0.003676470588235294,0.0,0.014867365286641048,0,1,0,1,1.0
disinfectant,0.003676470588235294,0.0,0.0019742648371100695,0,1,0,1,1.0
healthoverexams,0.003676470588235294,0.0,2.2563257342024974e-22,20,2,0,2,1.0
johntravolta,0.003676470588235294,0.0,0.01250493555248855,0,1,0,1,1.0
ohio,0.003676470588235294,0.0009738575617885123,0.010025704273623155,0,1,1,2,0.5
autoimmune,0.003676470588235294,0.0,0.014867365286641048,0,1,0,1,1.0
prescriptions,0.003676470588235294,0.0,0.0019742648371100695,0,1,0,1,1.0
healthylife,0.003676470588235294,0.0,0.010486832338608105,22,1,0,1,1.0
rtpcr,0.003676470588235294,9.180210107768218e-05,0.018700884519660427,2,0,3,3,0.0
immunesystem,0.003676470588235294,0.0,0.010486832338608105,22,1,0,1,1.0
vacation,0.003676470588235294,0.0,0.010883644870270087,0,1,0,1,1.0
list,0.003676470588235294,0.0,0.010883644870270087,0,1,0,1,1.0
tipsadvice,0.003676470588235294,0.0,0.010883644870270087,0,1,0,1,1.0
myspace,0.003676470588235294,0.0,0.010340609643165537,0,1,0,1,1.0
stayhealthy,0.003676470588235294,0.0013107496861879408,0.0068080279264383725,1,2,0,2,1.0
basketball,0.003676470588235294,0.0,0.009981638174127203,0,2,0,2,1.0
febreeze,0.003676470588235294,0.0,0.0019742648371100695,0,1,0,1,1.0
rap,0.003676470588235294,0.0,0.010340609643165537,0,1,0,1,1.0
police,0.003676470588235294,0.0,0.009953348527567442,0,1,0,1,1.0
banks,0.003676470588235294,0.0,0.009953348527567442,0,1,0,1,1.0
denverbroncos,0.003676470588235294,0.0,0.009953348527567442,0,1,0,1,1.0
bankrobbery,0.003676470588235294,0.0,0.009953348527567442,0,1,0,1,1.0
parrot,0.003676470588235294,0.0,0.009953348527567442,0,1,0,1,1.0
fastfood,0.003676470588235294,0.0,0.012881485687528293,0,1,0,1,1.0
coronaravirus,0.003676470588235294,0.0,1.8190165942611865e-21,63,1,0,1,1.0
bbcnews,0.003676470588235294,0.0,1.8190165942611865e-21,63,1,0,1,1.0
outbreak,0.003676470588235294,0.0,1.8190165942611865e-21,63,1,0,1,1.0
lbc,0.003676470588235294,0.0,1.8190165942611865e-21,63,1,0,1,1.0
africa,0.003676470588235294,0.0,1.8190165942611865e-21,63,1,0,1,1.0
djibouti,0.003676470588235294,0.0,1.8190165942611865e-21,63,1,0,1,1.0
tigers,0.003676470588235294,1.4727524563909449e-05,0.009904614672996097,0,2,0,2,1.0
essentialworker,0.003676470588235294,0.0,0.020193464349403615,0,1,0,1,1.0
tekashi69,0.003676470588235294,0.0,0.010340609643165537,0,1,0,1,1.0
factsmatter,0.003676470588235294,0.0,0.00788649018358713,4,1,0,1,1.0
women,0.003676470588235294,0.0,0.0031983874961788975,0,1,0,1,1.0
healthforall,0.003676470588235294,0.0013107496861879408,0.0097044683313135,3,0,4,4,0.0
russianvaccine,0.003676470588235294,0.0007207369997299876,0.02299356078250874,0,3,0,3,1.0
guyana,0.003676470588235294,0.0,0.013633926844381507,1,0,1,1,0.0
warnings,0.003676470588235294,0.0,0.020868874424387625,0,1,0,1,1.0
covidactnow,0.003676470588235294,0.010403184385110413,0.0014585216291846,22,0,4,4,0.0
immunitybooster,0.003676470588235294,0.0,0.010486832338608105,22,1,0,1,1.0
schwabeindia,0.003676470588235294,0.0,0.010486832338608105,22,1,0,1,1.0
unlock2,0.003676470588235294,0.0,0.02497839248907024,2,0,1,1,0.0
angelamerkel,0.003676470588235294,0.0,0.0031983874961788975,0,1,0,1,1.0
ccp,0.003676470588235294,0.0,0.007713024594702189,0,1,0,1,1.0
queens,0.003676470588235294,0.0,0.020193464349403615,0,1,0,1,1.0
springst,0.003676470588235294,0.00029828112581606233,0.010653848050666204,4,2,0,2,1.0
nepotism,0.003676470588235294,0.0,0.0122834971851377,0,1,0,1,1.0
kids,0.003676470588235294,2.1039320805584927e-06,0.010984561021046602,1,2,0,2,1.0
slowthespread,0.003676470588235294,0.0,0.012054086333387608,3,0,18,18,0.0
criminals,0.003676470588235294,0.0,1.8190165942611865e-21,9,1,0,1,1.0
appeal,0.003676470588235294,0.0,1.8190165942611865e-21,9,1,0,1,1.0
warcrimes,0.003676470588235294,0.0,0.010259011379446148,17,1,0,1,1.0
coronavirustruth,0.003676470588235294,0.0006553748430939704,0.019445630926604777,0,1,1,2,0.5
introvert,0.003676470588235294,6.761219511105889e-05,0.021105762065971964,0,2,0,2,1.0
gujarati,0.003676470588235294,0.0,0.02368734261839842,0,1,0,1,1.0
varalakshmivratam,0.003676470588235294,0.0,0.000855120312166394,5,1,0,1,1.0
pakistan,0.003676470588235294,0.00021107990810992043,0.014297968005605222,3,1,1,2,0.5
healthworkers,0.003676470588235294,0.0,0.010314662144625564,3,0,6,6,0.0
time,0.003676470588235294,0.00010460048993843304,0.019802485177834873,4,2,0,2,1.0
coevolution,0.003676470588235294,0.0,0.011881217955814581,7,1,0,1,1.0
coexistence,0.003676470588235294,0.0,0.011881217955814581,7,1,0,1,1.0
citymarket,0.003676470588235294,0.0,0.000855120312166394,5,1,0,1,1.0
breakthestigma,0.003676470588235294,0.0,0.01687890140101931,1,0,1,1,0.0
republicans,0.003676470588235294,0.0,0.011830896894544123,0,2,0,2,1.0
fridaymorning,0.003676470588235294,0.0,0.000855120312166394,5,1,0,1,1.0
crook,0.003676470588235294,0.0,1.8190165942611865e-21,9,1,0,1,1.0
burglars,0.003676470588235294,0.0,1.8190165942611865e-21,9,1,0,1,1.0
breakin,0.003676470588235294,0.0,1.8190165942611865e-21,9,1,0,1,1.0
goingbust,0.003676470588235294,0.0,1.8190165942611865e-21,9,1,0,1,1.0
hcq,0.003676470588235294,0.0007869394622616609,0.00994838040167382,0,1,2,3,0.3333333333333333
togetherletsbringthechange,0.003676470588235294,0.0,0.010282293292107881,40,1,0,1,1.0
convergebio,0.003676470588235294,0.0,0.010282293292107881,40,1,0,1,1.0
vergiflu,0.003676470588235294,0.0,0.010282293292107881,40,1,0,1,1.0
ivankatrump,0.003676470588235294,0.0,0.011866610494853415,0,2,0,2,1.0
pollution,0.003676470588235294,0.0,0.012560452532283722,0,1,0,1,1.0
plague,0.003676470588235294,0.0,0.012560452532283722,0,1,0,1,1.0
varamahalakshmi,0.003676470588235294,0.0,0.000855120312166394,5,1,0,1,1.0
monday,0.003676470588235294,0.0,0.010385158131517292,17,1,0,1,1.0
mondaymorning,0.003676470588235294,0.0,0.010385158131517292,17,1,0,1,1.0
mondayvibes,0.003676470588235294,0.0,0.010385158131517292,17,2,0,2,1.0
nbabubble,0.003676470588235294,0.0,0.009985236083870164,0,1,0,1,1.0
mississauga,0.0029411764705882353,0.0,2.745794317513913e-23,60,0,1,1,0.0
iud,0.0029411764705882353,0.0,0.010894013753577242,0,1,0,1,1.0
gta2020,0.0029411764705882353,0.0,2.745794317513913e-23,60,0,1,1,0.0
incubation,0.0029411764705882353,0.0,0.027024599294336153,0,0,1,1,0.0
toronto,0.0029411764705882353,0.0,2.745794317513913e-23,60,0,1,1,0.0
brampton,0.0029411764705882353,0.0,2.745794317513913e-23,60,0,1,1,0.0
fashion,0.0029411764705882353,0.0,0.011607971033111243,0,1,0,1,1.0
worldmaskweek,0.0029411764705882353,0.0,0.011200077186257262,3,0,8,8,0.0
fbi,0.0029411764705882353,0.0,0.010894013753577242,0,1,0,1,1.0
oakville,0.0029411764705882353,0.0,2.745794317513913e-23,60,0,1,1,0.0
sunbathing,0.0029411764705882353,0.0,0.009691217367050222,0,1,0,1,1.0
fake,0.0029411764705882353,0.0,0.011034901801683428,4,1,0,1,1.0
fun,0.0029411764705882353,0.0,0.011034901801683428,4,1,0,1,1.0
sheep,0.0029411764705882353,0.0,0.019263398637164364,0,1,0,1,1.0
aliens,0.0029411764705882353,0.0,0.010804092495698489,0,1,0,1,1.0
ufo,0.0029411764705882353,0.0,0.010804092495698489,0,1,0,1,1.0
politicians,0.0029411764705882353,0.0,0.010804092495698489,0,1,0,1,1.0
homemade,0.0029411764705882353,0.0,0.011302983372662211,4,1,0,1,1.0
schizophrenia,0.0029411764705882353,5.230024496921652e-05,0.019040717722904218,0,1,1,2,0.5
ptfcovid19,0.0029411764705882353,3.681881140977362e-06,0.010077275594231773,3,0,5,5,0.0
horror,0.0029411764705882353,0.0,0.010000926059243253,0,1,0,1,1.0
thewalkingdead,0.0029411764705882353,0.0,0.010000926059243253,0,1,0,1,1.0
fightagainstcoronavirus,0.0029411764705882353,0.0,0.009956090959932568,22,1,0,1,1.0
telugunews,0.0029411764705882353,0.0,0.009956090959932568,22,1,0,1,1.0
journalist,0.0029411764705882353,0.0,0.009956090959932568,22,1,0,1,1.0
igot,0.0029411764705882353,0.0,0.01914671511603815,0,0,1,1,0.0
covidwarriors,0.0029411764705882353,0.0,0.01914671511603815,0,0,1,1,0.0
missionkarmayog,0.0029411764705882353,0.0,0.01914671511603815,0,0,1,1,0.0
governor,0.0029411764705882353,0.0,0.010937505840542535,0,1,0,1,1.0
hoarding,0.0029411764705882353,0.0,0.010937505840542535,0,1,0,1,1.0
insanity,0.0029411764705882353,1.0519660402792463e-06,0.010723721661335471,0,2,0,2,1.0
tan,0.0029411764705882353,0.0,0.009691217367050222,0,1,0,1,1.0
physique,0.0029411764705882353,0.0,0.009691217367050222,0,1,0,1,1.0
conspiracytheories,0.0029411764705882353,0.0,0.00265113665330314,0,1,0,1,1.0
colorado,0.0029411764705882353,0.0010058899277150153,0.009500551281612602,0,1,1,2,0.5
oslo,0.0029411764705882353,0.0,0.010276155078352877,0,1,0,1,1.0
shincheonjichurch,0.0029411764705882353,0.0,0.01974576286625589,4,1,0,1,1.0
shincheonji,0.0029411764705882353,0.0,0.01974576286625589,4,1,0,1,1.0
pesticides,0.0029411764705882353,0.0,0.019850471744606628,0,1,0,1,1.0
greatwallofchina,0.0029411764705882353,0.0,0.020692581337477364,0,1,0,1,1.0
groupies,0.0029411764705882353,0.0,0.009748582620756088,0,1,0,1,1.0
orlando,0.0029411764705882353,0.0,0.009748582620756088,0,1,0,1,1.0
institutionalquarantine,0.0029411764705882353,0.0,0.004167089357365082,12,0,3,3,0.0
unlock3guidelines,0.0029411764705882353,0.0,0.017470283798605966,2,0,1,1,0.0
unlock3,0.0029411764705882353,0.0,0.017470283798605966,2,0,2,2,0.0
ebay,0.0029411764705882353,0.0,0.009691217367050222,0,1,0,1,1.0
panties,0.0029411764705882353,0.0,0.009691217367050222,0,1,0,1,1.0
xijinping,0.0029411764705882353,0.0,0.012006201303860877,0,2,0,2,1.0
tax,0.0029411764705882353,0.0,0.010804092495698489,0,1,0,1,1.0
church,0.0029411764705882353,0.0,0.010804092495698489,0,1,0,1,1.0
greed,0.0029411764705882353,0.0,0.010804092495698489,0,1,0,1,1.0
coronavirusmasks,0.0029411764705882353,0.0,0.009691217367050222,0,1,0,1,1.0
fleamarkets,0.0029411764705882353,0.0,0.009691217367050222,0,1,0,1,1.0
taxi,0.0029411764705882353,0.0,0.010936090930102078,0,1,0,1,1.0
parasite,0.0029411764705882353,0.0,0.010936090930102078,0,1,0,1,1.0
dating,0.0029411764705882353,0.0,0.019203864322519793,0,2,0,2,1.0
recovery,0.0029411764705882353,0.0,0.00024982629416919674,32,1,0,1,1.0
copd,0.0029411764705882353,0.0,0.00024982629416919674,32,1,0,1,1.0
immunizationforall,0.0029411764705882353,0.0,5.404900054053617e-24,33,0,4,4,0.0
vaccineswork,0.0029411764705882353,0.0,5.404900054053617e-24,33,0,4,4,0.0
fullyimmunizeeverychild,0.0029411764705882353,0.0,5.404900054053617e-24,33,0,4,4,0.0
panicbuying,0.0029411764705882353,0.0,0.010937505840542535,0,2,0,2,1.0
seanhannity,0.0029411764705882353,0.0,0.010799422228612314,0,2,0,2,1.0
tinder,0.0029411764705882353,0.0,0.019203864322519793,0,1,0,1,1.0
steamroom,0.0029411764705882353,0.0,0.00024982629416919674,32,1,0,1,1.0
obesity,0.0029411764705882353,0.0,0.009691217367050222,0,1,0,1,1.0
farting,0.0029411764705882353,0.0,0.009691217367050222,0,1,0,1,1.0
tacobell,0.0029411764705882353,0.0,0.009691217367050222,0,1,0,1,1.0
mississippi,0.0029411764705882353,0.0,0.009691217367050222,0,1,0,1,1.0
dearicai,0.0029411764705882353,0.0,2.049304308316473e-22,20,1,0,1,1.0
unlock1,0.0029411764705882353,0.0,2.049304308316473e-22,20,1,0,1,1.0
modigovtfailed,0.0029411764705882353,0.0,2.049304308316473e-22,20,1,0,1,1.0
unga,0.0029411764705882353,0.0,0.009935683935610529,3,0,13,13,0.0
central_government,0.0029411764705882353,0.0,0.0041298759478723916,2,1,0,1,1.0
military,0.0029411764705882353,0.0,0.01042589738639067,1,1,0,1,1.0
newssatire,0.0029411764705882353,0.0,0.011109608236549681,0,1,0,1,1.0
viral,0.0029411764705882353,0.0,0.011109608236549681,0,1,0,1,1.0
drinking,0.0029411764705882353,0.0,0.00970308776649887,0,1,0,1,1.0
bar,0.0029411764705882353,0.0,0.00970308776649887,0,1,0,1,1.0
lapdances,0.0029411764705882353,0.0,0.00970308776649887,0,1,0,1,1.0
wargames,0.0029411764705882353,0.0,0.01042589738639067,1,1,0,1,1.0
oct1stprotest,0.0029411764705882353,0.0,0.009959755146016123,13,1,0,1,1.0
yourviewtv,0.0029411764705882353,0.0,0.009959755146016123,13,1,0,1,1.0
knowthefacts,0.0029411764705882353,0.0,0.010663685347356962,3,0,3,3,0.0
medical,0.0029411764705882353,0.0,0.011277408602819849,0,1,0,1,1.0
cure,0.0029411764705882353,0.0,0.011277408602819849,0,1,0,1,1.0
money,0.0029411764705882353,0.0,0.010988194952646151,0,1,0,1,1.0
recession,0.0029411764705882353,0.0,0.010988194952646151,0,1,0,1,1.0
yoga,0.0029411764705882353,2.677731738892627e-06,0.015381944889162348,4,2,0,2,1.0
indiafightsforcorona,0.0029411764705882353,0.0,0.00024982629416919674,32,1,0,1,1.0
whitesupremacy,0.0029411764705882353,0.0,0.010539920054797005,0,1,0,1,1.0
swedish,0.0029411764705882353,0.0,0.010539920054797005,0,1,0,1,1.0
asians,0.0029411764705882353,0.0,0.010539920054797005,0,1,0,1,1.0
sport,0.0029411764705882353,0.0,0.01061054274411842,0,1,0,1,1.0
sacrifice,0.0029411764705882353,0.0,0.019606887845917714,0,1,0,1,1.0
lockdowncanada,0.0029411764705882353,0.0,0.019171531222659067,6,1,0,1,1.0
justintrudeau,0.0029411764705882353,0.0,0.019171531222659067,6,1,0,1,1.0
melaniatrump,0.0029411764705882353,0.0,0.010855080803128594,0,2,0,2,1.0
foodshortages,0.0029411764705882353,0.0,0.010084715434223759,0,2,0,2,1.0
maskonnaija,0.0029411764705882353,0.0,0.010708901349074651,3,0,2,2,0.0
parasites,0.0029411764705882353,0.0,0.004358660702134405,0,1,0,1,1.0
poker,0.0029411764705882353,0.0,0.011131629651496213,0,1,0,1,1.0
friendship,0.0029411764705882353,0.0,0.011131629651496213,0,1,0,1,1.0
afoolat60,0.0029411764705882353,0.0,0.009959755146016123,13,1,0,1,1.0
revolutionnow,0.0029411764705882353,0.0,0.009959755146016123,13,1,0,1,1.0
meded,0.0029411764705882353,0.0,0.0005158132499331187,0,0,1,1,0.0
coronaviruschina,0.0029411764705882353,0.0,0.019434324266260086,0,0,1,1,0.0
violence,0.0029411764705882353,0.0,0.010804092495698489,0,1,0,1,1.0
assault,0.0029411764705882353,0.0,0.010804092495698489,0,1,0,1,1.0
punchandjudy,0.0029411764705882353,0.0,0.010804092495698489,0,1,0,1,1.0
onpoli,0.0029411764705882353,1.5954818277568568e-05,0.0104462398042735,6,5,0,5,1.0
mosquito,0.0029411764705882353,0.0,0.01974576286625589,4,1,0,1,1.0
dengue,0.0029411764705882353,0.0,0.01974576286625589,4,1,0,1,1.0
dfa,0.0029411764705882353,0.0,0.010560067622990197,0,1,0,1,1.0
filipinos,0.0029411764705882353,0.0,0.010560067622990197,0,1,0,1,1.0
coronarovirus,0.0029411764705882353,0.0,0.012006149265040516,0,0,1,1,0.0
hit2equity,0.0029411764705882353,0.0,0.010682496418359375,0,1,0,1,1.0
prevention,0.0029411764705882353,0.0,0.010682496418359375,0,1,0,1,1.0
trumpsjealousofobama,0.0029411764705882353,0.0,0.0005873865481319536,0,1,0,1,1.0
obamagate,0.0029411764705882353,0.0,0.0005873865481319536,0,1,0,1,1.0
kag,0.0029411764705882353,0.0,0.0005873865481319536,0,1,0,1,1.0
baseball,0.0029411764705882353,0.0,0.009667796468209354,0,3,0,3,1.0
kalabari,0.0029411764705882353,0.0,0.0041298759478723916,2,1,0,1,1.0
karnataka_bjp_government,0.0029411764705882353,0.0,0.0041298759478723916,2,1,0,1,1.0
oximeter,0.0029411764705882353,0.0006553748430939704,0.010571714292390488,12,0,2,2,0.0
nigerians,0.0029411764705882353,0.0,0.00972583629916661,3,0,5,5,0.0
sepsis,0.0029411764705882353,0.0006553748430939704,0.010366618919417828,3,0,6,6,0.0
hitsolutions,0.0029411764705882353,0.0,0.010682496418359375,0,1,0,1,1.0
indiawilllwin,0.0029411764705882353,0.0,0.015621023187518042,1,0,1,1,0.0
wuhancoronovirus,0.0029411764705882353,0.0,0.0005158132499331187,0,0,1,1,0.0
idtwitter,0.0029411764705882353,0.0,0.0005158132499331187,0,0,1,1,0.0
maralago,0.0029411764705882353,0.0,0.010847096219088076,0,1,0,1,1.0
kayleighmcenany,0.0029411764705882353,0.0,0.010847096219088076,0,1,0,1,1.0
kayburley,0.0029411764705882353,0.0,0.018667685120972586,3,0,41,41,0.0
thesun,0.0029411764705882353,0.0,0.009691217367050222,0,1,0,1,1.0
apocalypse,0.0029411764705882353,0.0,0.012187081264451675,0,2,0,2,1.0
prostatecancer,0.0029411764705882353,0.0,0.01980351199914594,0,1,0,1,1.0
italy,0.0029411764705882353,0.00020723730993501145,0.011183448838597548,0,1,1,2,0.5
zoo,0.0029411764705882353,0.0,0.01199327182191309,0,1,0,1,1.0
pandas,0.0029411764705882353,0.0,0.01199327182191309,0,2,0,2,1.0
lysol,0.0022058823529411764,0.0,0.01110347258944353,0,1,0,1,1.0
measles,0.0022058823529411764,0.0,0.010344411075598534,3,0,1,1,0.0
repo,0.0022058823529411764,0.0,0.009442536759542187,0,0,1,1,0.0
monetary,0.0022058823529411764,0.0,0.009442536759542187,0,0,1,1,0.0
fomc,0.0022058823529411764,0.0,0.009442536759542187,0,0,1,1,0.0
georgeorwell,0.0022058823529411764,0.0,0.009780906221051407,0,1,0,1,1.0
buddhism,0.0022058823529411764,0.0,0.01013508837901026,0,1,0,1,1.0
rackets,0.0022058823529411764,0.0,0.0006327306155231532,0,1,0,1,1.0
ghost,0.0022058823529411764,0.0,0.00979277166740195,0,1,0,1,1.0
lachupacabra,0.0022058823529411764,0.0,0.001361555736156302,0,1,0,1,1.0
christmas,0.0022058823529411764,0.0,0.009704178356495959,3,1,0,1,1.0
newyorktimes,0.0022058823529411764,0.0,0.009712143868170212,0,1,0,1,1.0
healthy,0.0022058823529411764,0.0,0.004905131973866052,0,1,0,1,1.0
morningmotivation,0.0022058823529411764,0.0,0.004905131973866052,0,1,0,1,1.0
goyabeans,0.0022058823529411764,0.0,0.010533789741134203,0,1,0,1,1.0
spokesman,0.0022058823529411764,0.0,0.010533789741134203,0,1,0,1,1.0
peepingtom,0.0022058823529411764,0.0,0.018694271885570886,0,1,0,1,1.0
politicalcorrectness,0.0022058823529411764,0.0,0.019006983445452284,0,3,0,3,1.0
meat,0.0022058823529411764,0.0,0.0027709332958286708,0,1,0,1,1.0
equities,0.0022058823529411764,0.0,1.6208308817352044e-25,61,1,0,1,1.0
stocks,0.0022058823529411764,0.0,1.6208308817352044e-25,61,1,0,1,1.0
equitymarket,0.0022058823529411764,0.0,1.6208308817352044e-25,61,1,0,1,1.0
investing,0.0022058823529411764,0.0,1.6208308817352044e-25,61,1,0,1,1.0
ccpliedpeopledied,0.0022058823529411764,0.0,0.0001474913531684188,36,1,0,1,1.0
takedowntheccp,0.0022058823529411764,0.0,0.0001474913531684188,36,1,0,1,1.0
property,0.0022058823529411764,0.0,0.011462133632196034,0,1,0,1,1.0
sam2020,0.0022058823529411764,0.0,0.010360590854960789,3,0,4,4,0.0
vaccino,0.0022058823529411764,0.0,0.013969681061414337,0,1,0,1,1.0
homelessness,0.0022058823529411764,0.0,0.009780906221051407,0,1,0,1,1.0
lockdown2,0.0022058823529411764,0.0,0.003911585810392671,1,1,0,1,1.0
muradabad,0.0022058823529411764,0.0,0.003911585810392671,1,1,0,1,1.0
internet,0.0022058823529411764,0.0,0.010985208581043274,0,1,0,1,1.0
zombies,0.0022058823529411764,0.0,0.010988810724107439,0,1,0,1,1.0
defense,0.0022058823529411764,0.0,0.009489337700278417,0,1,0,1,1.0
impeachment,0.0022058823529411764,0.0,0.01107929037194179,0,1,0,1,1.0
harrymaguire,0.0022058823529411764,0.0,0.010533789741134203,0,1,0,1,1.0
surveillance,0.0022058823529411764,0.0,0.00882273919081775,2,0,1,1,0.0
batman,0.0022058823529411764,0.0,0.010742780023852932,0,1,0,1,1.0
bittergourd,0.0022058823529411764,0.0,0.0007860185823556467,0,1,0,1,1.0
vitamind,0.0022058823529411764,0.000356055439099849,0.009235839635135851,0,2,2,4,0.5
friends,0.0022058823529411764,0.0,0.010539465746067508,4,1,0,1,1.0
newsinphotos,0.0022058823529411764,0.0006553748430939704,0.00946703047768045,3,2,0,2,1.0
chinesecommunistparty,0.0022058823529411764,0.0,0.011949401033408504,0,1,0,1,1.0
sickness,0.0022058823529411764,0.0,0.010580134001731408,0,1,0,1,1.0
zoodirector,0.0022058823529411764,0.0,0.009454094910465186,0,1,0,1,1.0
bronxzoo,0.0022058823529411764,0.0,0.009454094910465186,0,1,0,1,1.0
laborday,0.0022058823529411764,0.0,0.010363937865011158,3,0,5,5,0.0
pig,0.0022058823529411764,0.0,0.011553778613437636,0,1,0,1,1.0
cdctravelnotice,0.0022058823529411764,2.4545874273182413e-06,0.01110358975751887,3,0,2,2,0.0
wearafacemask,0.0022058823529411764,0.0,0.009849365159868877,3,0,1,1,0.0
maskingforafriend,0.0022058823529411764,0.0,0.010384348560005743,3,0,2,2,0.0
cheating,0.0022058823529411764,0.0,0.009508767960879627,0,1,0,1,1.0
fail,0.0022058823529411764,0.0,1.6208308817352044e-25,53,1,0,1,1.0
modigovernment,0.0022058823529411764,0.0,1.6208308817352044e-25,53,1,0,1,1.0
fruit,0.0022058823529411764,0.0,0.009460330636868755,0,1,0,1,1.0
indonesia,0.0022058823529411764,0.0,0.009704178356495959,3,0,1,1,0.0
limengyan,0.0022058823529411764,0.0,0.00014749135316841883,36,1,0,1,1.0
beach,0.0022058823529411764,0.0,0.009670276412772712,0,2,0,2,1.0
spain,0.0022058823529411764,0.0,0.010533789741134203,0,1,0,1,1.0
bailout,0.0022058823529411764,0.0,0.010533789741134203,0,1,0,1,1.0
mime,0.0022058823529411764,0.0,0.009940934540026099,0,1,0,1,1.0
jesus,0.0022058823529411764,0.0,0.009940934540026099,0,1,0,1,1.0
failedmodi,0.0022058823529411764,0.0,1.6208308817352044e-25,53,1,0,1,1.0
15lakhaagaye,0.0022058823529411764,0.0,1.6208308817352044e-25,53,1,0,1,1.0
trumpuniversity,0.0022058823529411764,0.0,0.01078956481903028,0,1,0,1,1.0
psychology,0.0022058823529411764,0.0,0.010273134346752774,0,1,0,1,1.0
factsnotfears,0.0022058823529411764,0.0,0.009848261390790992,3,0,1,1,0.0
thedevil,0.0022058823529411764,0.0,0.010852743345671228,0,1,0,1,1.0
doh,0.0022058823529411764,0.0,0.009442536759542187,0,0,1,1,0.0
wuhanpneumonia,0.0022058823529411764,0.0,0.0014442085450793285,0,0,1,1,0.0
garlic,0.0022058823529411764,0.0,0.0007860185823556467,0,1,0,1,1.0
vitaminc,0.0022058823529411764,0.0,0.0007860185823556467,0,1,0,1,1.0
labordaysafe,0.0022058823529411764,0.0,0.010363937865011158,3,0,1,1,0.0
fact,0.0022058823529411764,0.0,0.010539465746067508,4,1,0,1,1.0
tv,0.0022058823529411764,1.6895212162060623e-06,0.011360073932210427,0,2,0,2,1.0
jaipur,0.0022058823529411764,0.0,0.014702825105893018,2,0,1,1,0.0
odishafightscorona,0.0022058823529411764,0.0,0.010782709130114879,1,1,0,1,1.0
dcgi,0.0022058823529411764,0.0,0.010782709130114879,1,1,0,1,1.0
georgiapeaches,0.0022058823529411764,0.0,0.009460330636868755,0,1,0,1,1.0
lebronjames,0.0022058823529411764,0.0,0.009497710967651441,0,1,0,1,1.0
mexico,0.0022058823529411764,0.0,0.009616107286427405,0,2,0,2,1.0
footballamerican,0.0022058823529411764,0.0,0.009442536759542187,0,2,0,2,1.0
jamalkhashoggi,0.0022058823529411764,0.0,0.010533789741134203,0,1,0,1,1.0
saudiarabia,0.0022058823529411764,0.0,0.010533789741134203,0,1,0,1,1.0
homeoffice,0.0022058823529411764,0.0,0.009704178356495959,3,1,0,1,1.0
dogs,0.0022058823529411764,0.0,0.009704178356495959,3,1,0,1,1.0
egypt,0.0022058823529411764,0.0,0.009704178356495959,3,0,1,1,0.0
unitedkingdom,0.0022058823529411764,0.0,0.009704178356495959,3,0,1,1,0.0
dallascowboys,0.0022058823529411764,0.0,0.009442536759542187,0,2,0,2,1.0
mayans,0.0022058823529411764,0.0,0.010540272015078627,0,1,0,1,1.0
sponsors,0.0022058823529411764,0.0,0.009448171232479537,0,1,0,1,1.0
majorleaguebaseball,0.0022058823529411764,0.0,0.009448171232479537,0,1,0,1,1.0
handsanitizer,0.0022058823529411764,0.009742257499026099,0.00946703047768045,3,1,1,2,0.5
evin,0.0022058823529411764,0.0,4.447560675065908e-24,33,0,2,2,0.0
bengaluru,0.0022058823529411764,0.0,0.009704178356495959,3,1,0,1,1.0
princecharles,0.0022058823529411764,0.0,0.009704178356495959,3,1,0,1,1.0
uk,0.0022058823529411764,0.0,0.009704178356495959,3,1,0,1,1.0
lies,0.0022058823529411764,0.0,0.011318334271588352,0,1,0,1,1.0
evinindia,0.0022058823529411764,0.0,4.447560675065908e-24,33,0,2,2,0.0
ebolavirus,0.0022058823529411764,0.0,0.018742565519248248,0,2,0,2,1.0
westchamparan,0.0022058823529411764,0.0,0.015273933349575029,2,0,1,1,0.0
hope,0.0022058823529411764,0.0,0.012553622129471422,12,1,0,1,1.0
brazil,0.0022058823529411764,0.0,0.009442536759542187,0,1,0,1,1.0
madness,0.0022058823529411764,0.0,0.010165058026679538,0,1,0,1,1.0
grafitti,0.0022058823529411764,0.0,0.010533789741134203,0,1,0,1,1.0
california,0.0022058823529411764,0.0,0.010533789741134203,0,1,1,2,0.5
covid19lagos,0.0022058823529411764,0.0,0.009461388000784205,3,0,2,2,0.0
medicalmask,0.0022058823529411764,0.0,0.0022348397940285462,0,0,1,1,0.0
baptism,0.0022058823529411764,0.0,0.009442536759542187,0,1,0,1,1.0
independenceday,0.0022058823529411764,0.0006480110808120157,0.00449810025277209,44,2,0,2,1.0
mailinvoting,0.0022058823529411764,0.0,0.010827620382260102,0,1,0,1,1.0
shopping,0.0022058823529411764,0.0,0.010944970428921175,0,1,0,1,1.0
rip,0.0022058823529411764,0.0,0.013743907695281277,0,1,0,1,1.0
democraticdebate,0.0022058823529411764,0.0,0.013743907695281277,0,2,0,2,1.0
mergecaexamsjulyandnov,0.0022058823529411764,0.0,9.987537366998261e-23,20,2,0,2,1.0
fatality,0.0022058823529411764,0.0,0.013258438970324995,3,0,2,2,0.0
active,0.0022058823529411764,0.0,0.013258438970324995,3,0,2,2,0.0
world,0.0022058823529411764,0.0,0.0012490430825271568,0,1,0,1,1.0
global,0.0022058823529411764,0.0,0.0012490430825271568,0,1,0,1,1.0
begusarai,0.0022058823529411764,0.0,0.014868826346169279,2,0,1,1,0.0
vaccine,0.0022058823529411764,0.0006553748430939704,0.012683149652225152,0,2,1,3,0.6666666666666666
chevrolet,0.0022058823529411764,0.0,1.6208308817352044e-25,31,1,0,1,1.0
chinavirus,0.0022058823529411764,0.0,0.0014442085450793285,0,0,1,1,0.0
bestiality,0.0022058823529411764,0.0,0.009442536759542187,0,1,0,1,1.0
orgy,0.0022058823529411764,0.0,0.009442536759542187,0,1,0,1,1.0
belgium,0.0022058823529411764,0.0,0.009442536759542187,0,1,0,1,1.0
weather,0.0022058823529411764,0.0,0.010533789741134203,0,1,0,1,1.0
openamerica,0.0022058823529411764,0.0,0.0005047742450508873,0,1,0,1,1.0
jobseekers,0.0022058823529411764,0.0,0.0005047742450508873,0,1,0,1,1.0
vicepresidentjoebiden,0.0022058823529411764,0.0,0.0005047742450508873,0,1,0,1,1.0
endtb,0.0022058823529411764,0.0,0.009709969269870855,3,0,1,1,0.0
tuberculosis,0.0022058823529411764,0.0,0.009709969269870855,3,0,1,1,0.0
trophywife,0.0022058823529411764,0.0,0.009858613118018172,0,1,0,1,1.0
visualabstract,0.0022058823529411764,0.0,0.01008704424468095,0,1,0,1,1.0
kidneytransplant,0.0022058823529411764,0.0,0.01008704424468095,0,1,0,1,1.0
zoom,0.0022058823529411764,0.0,0.009704178356495959,3,1,0,1,1.0
amazonjungle,0.0022058823529411764,0.0,0.009442536759542187,0,1,0,1,1.0
laos,0.0022058823529411764,0.0,0.009442536759542187,0,1,0,1,1.0
pope,0.0022058823529411764,0.0,0.009442536759542187,0,1,0,1,1.0
family,0.0022058823529411764,0.0,0.019006983445452284,0,1,0,1,1.0
makhi,0.0022058823529411764,0.0,0.009442536759542187,0,1,0,1,1.0
salutecoronawarriors,0.0022058823529411764,0.0,0.0010871102280616085,46,1,0,1,1.0
coronawarriorsindia,0.0022058823529411764,0.0,0.0010871102280616085,46,1,0,1,1.0
indianarmy,0.0022058823529411764,0.0,0.0010871102280616085,46,1,0,1,1.0
newyorkcity,0.0022058823529411764,0.0,0.0006327306155231532,0,1,0,1,1.0
corruption,0.0022058823529411764,0.0,0.0006327306155231532,0,1,0,1,1.0
music,0.0022058823529411764,0.0,0.01913376342999151,0,2,0,2,1.0
americans,0.0022058823529411764,0.0,0.010258912217081815,0,2,0,2,1.0
russia,0.0022058823529411764,5.00241729911578e-05,0.018483053805967316,3,1,1,2,0.5
notfunny,0.0022058823529411764,0.0,0.0014949690810003473,0,1,0,1,1.0
funnyspoof,0.0022058823529411764,0.0,0.0014949690810003473,0,1,0,1,1.0
boredom,0.0022058823529411764,0.0,0.0014949690810003473,0,1,0,1,1.0
be,0.0022058823529411764,0.0,0.01027423055912483,3,0,1,1,0.0
suicide,0.0022058823529411764,0.0,0.01027423055912483,3,0,2,2,0.0
mascot,0.0022058823529411764,0.0,0.009454094910465186,0,1,0,1,1.0
southcarolina,0.0022058823529411764,0.0,0.009454094910465186,0,1,0,1,1.0
lcsm,0.0022058823529411764,0.0,0.004184868868281677,23,0,1,1,0.0
asco20,0.0022058823529411764,0.0,0.004184868868281677,23,0,1,1,0.0
teravolt,0.0022058823529411764,0.0,0.004184868868281677,23,0,1,1,0.0
missiles,0.0022058823529411764,0.0,0.0117005407345909,0,1,0,1,1.0
share,0.0022058823529411764,0.0,0.009442536759542187,0,1,0,1,1.0
amitabhbachchan,0.0022058823529411764,0.0,0.009442536759542187,0,2,0,2,1.0
panic,0.0022058823529411764,0.0,0.00979277166740195,0,2,0,2,1.0
louisiana,0.0022058823529411764,0.0013107496861879408,2.541409470882821e-05,11,1,1,2,0.5
strategicreserve,0.0022058823529411764,0.0,0.010788880621730026,0,1,0,1,1.0
toiletrollhorders,0.0022058823529411764,0.0,0.010788880621730026,0,1,0,1,1.0
laginghandancov,0.0022058823529411764,0.0,0.009442536759542187,0,0,1,1,0.0
coronavirusph,0.0022058823529411764,0.0,0.009442536759542187,0,0,1,1,0.0
beachboys,0.0022058823529411764,0.0,1.6208308817352044e-25,31,1,0,1,1.0
cars,0.0022058823529411764,0.0,1.6208308817352044e-25,31,1,0,1,1.0
potsales,0.0022058823529411764,0.0,0.0094757730672327,0,1,0,1,1.0
fitness,0.0022058823529411764,0.0,0.010316794925450453,0,1,0,1,1.0
exercise,0.0022058823529411764,0.0,0.010316794925450453,0,1,0,1,1.0
cdcgrandrounds,0.0022058823529411764,0.0006553748430939704,0.00946703047768045,3,0,2,2,0.0
waterpistols,0.0022058823529411764,0.0,0.009442536759542187,0,1,0,1,1.0
dna,0.0022058823529411764,0.0,0.001361555736156302,0,1,0,1,1.0
texas,0.0022058823529411764,0.0,0.001361555736156302,0,1,0,1,1.0
cheerleaders,0.0022058823529411764,0.0,0.009442536759542187,0,1,0,1,1.0
famine,0.0022058823529411764,0.0,0.009458600286899214,0,1,0,1,1.0
rice,0.0022058823529411764,0.0,0.009458600286899214,0,1,0,1,1.0
mtr,0.0022058823529411764,0.0,0.0024656478274541595,0,1,0,1,1.0
prophylactics,0.0022058823529411764,0.0,0.009442536759542187,0,1,0,1,1.0
factory,0.0022058823529411764,0.0,0.009442536759542187,0,1,0,1,1.0
condoms,0.0022058823529411764,0.0,0.009442536759542187,0,1,0,1,1.0
covaxine,0.0022058823529411764,0.0,0.014709076869733492,4,1,0,1,1.0
plastic,0.0022058823529411764,0.0,0.009442536759542187,0,1,0,1,1.0
lego,0.0022058823529411764,0.0,0.009442536759542187,0,1,0,1,1.0
denmark,0.0022058823529411764,0.0,0.009442536759542187,0,1,0,1,1.0
anteater,0.0022058823529411764,0.0,0.009712143868170212,0,1,0,1,1.0
tsunami,0.0022058823529411764,0.0,0.010418400938538875,0,1,0,1,1.0
convertiblecars,0.0022058823529411764,0.0,1.6208308817352044e-25,31,1,0,1,1.0
activecases,0.0022058823529411764,0.0,0.0036678589163623,1,0,1,1,0.0
achristmascarol,0.0022058823529411764,0.0,0.009704178356495959,3,1,0,1,1.0
elonmusk,0.0022058823529411764,0.0,0.009704178356495959,3,1,0,1,1.0
pork,0.0022058823529411764,0.0,0.010254223063018661,0,1,0,1,1.0
std,0.0022058823529411764,0.0,0.010575932866385895,3,0,1,1,0.0
prep,0.0022058823529411764,0.0,0.010575932866385895,3,0,1,1,0.0
language,0.0022058823529411764,0.0,0.0015336002992451464,0,1,0,1,1.0
rapidantigentest,0.0022058823529411764,2.6839295108432234e-05,0.005355533713652943,12,0,2,2,0.0
bengali,0.0022058823529411764,0.0,0.010027758924664438,4,1,0,1,1.0
colonoscopy,0.0022058823529411764,0.0,0.01892874342636017,0,1,0,1,1.0
unemployment,0.0014705882352941176,0.0,0.009776535740170959,0,3,0,3,1.0
ncdhhs,0.0014705882352941176,0.0,2.1684367588295767e-28,55,1,0,1,1.0
dementia,0.0014705882352941176,0.0,0.009461388000784205,3,0,2,2,0.0
alzheimer,0.0014705882352941176,0.0,0.009461388000784205,3,0,1,1,0.0
jammu,0.0014705882352941176,0.0,0.010519521655129769,1,0,1,1,0.0
eidaladha,0.0014705882352941176,0.0,0.009587973798969047,3,0,1,1,0.0
duckdynasty,0.0014705882352941176,0.0,6.358803289271222e-07,11,1,0,1,1.0
philrobertson,0.0014705882352941176,0.0,6.358803289271222e-07,11,1,0,1,1.0
pcrtest,0.0014705882352941176,0.0,0.0010341429964272205,12,0,1,1,0.0
irony,0.0014705882352941176,0.0,0.009230039508705015,0,1,0,1,1.0
coronainpakistan,0.0014705882352941176,0.0,0.0047758473380586355,3,3,0,3,1.0
thankshealthheroes,0.0014705882352941176,0.0,0.009482211291250453,3,0,2,2,0.0
argentina,0.0014705882352941176,0.0,0.01027667956737736,0,1,0,1,1.0
astrology,0.0014705882352941176,0.0,2.1684367588295767e-28,67,1,0,1,1.0
nostradamus,0.0014705882352941176,0.0,2.1684367588295767e-28,67,1,0,1,1.0
predictions,0.0014705882352941176,0.0,2.1684367588295767e-28,67,1,0,1,1.0
mouthwash,0.0014705882352941176,0.0,0.01003335417110622,4,1,0,1,1.0
auction,0.0014705882352941176,0.0,0.0007540220357184682,3,1,0,1,1.0
bollywood,0.0014705882352941176,0.0,0.0007540220357184682,3,1,0,1,1.0
ncdclabnetwork,0.0014705882352941176,0.0,0.009587973798969047,3,0,3,3,0.0
mortalityrate,0.0014705882352941176,0.0,0.01106397198790679,3,0,1,1,0.0
moneylaundering,0.0014705882352941176,0.0,0.009461388000784205,3,1,0,1,1.0
alcohol,0.0014705882352941176,0.0,0.009206297120188382,0,1,0,1,1.0
whisky,0.0014705882352941176,0.0,0.009206297120188382,0,1,0,1,1.0
celebrities,0.0014705882352941176,0.0,0.009206297120188382,0,1,0,1,1.0
rollingstonevaccineforcv,0.0014705882352941176,0.0,2.1684367588295767e-28,47,1,0,1,1.0
keithholdskeytovirusvaccine,0.0014705882352941176,0.0,2.1684367588295767e-28,47,1,0,1,1.0
rockandrollvaccine,0.0014705882352941176,0.0,2.1684367588295767e-28,47,1,0,1,1.0
colds,0.0014705882352941176,0.0,0.0015041073466759737,4,0,1,1,0.0
minoritymentalhealth,0.0014705882352941176,0.0,0.009461388000784205,3,0,2,2,0.0
mentalhealthawareness,0.0014705882352941176,0.0,0.009461388000784205,3,0,2,2,0.0
firefighters,0.0014705882352941176,0.0,0.009461388000784205,3,0,2,2,0.0
jlo,0.0014705882352941176,0.0,0.009206297120188382,0,1,0,1,1.0
andywarhol,0.0014705882352941176,0.0,0.01027667956737736,0,1,0,1,1.0
keeppushing,0.0014705882352941176,0.0,0.009587973798969047,3,0,1,1,0.0
togetherapart,0.0014705882352941176,0.0,0.010023453028116318,0,0,1,1,0.0
fluv,0.0014705882352941176,0.0,0.010428530430465955,3,0,1,1,0.0
nigerian,0.0014705882352941176,0.0,0.009476419027293124,3,0,1,1,0.0
berniesanders,0.0014705882352941176,0.0,0.009206297120188382,0,1,0,1,1.0
fidelcastro,0.0014705882352941176,0.0,0.009206297120188382,0,1,0,1,1.0
publichealthreports,0.0014705882352941176,0.0,0.010065428708934936,3,0,1,1,0.0
huaweiwatchgt2,0.0014705882352941176,0.0,2.1684367588295767e-28,45,1,0,1,1.0
chinacoronavirus,0.0014705882352941176,0.0,2.1684367588295767e-28,45,1,0,1,1.0
corononavirus,0.0014705882352941176,0.0,2.1684367588295767e-28,45,1,0,1,1.0
athens,0.0014705882352941176,0.0,0.009461388000784205,3,0,1,1,0.0
whatsappforwards,0.0014705882352941176,0.0,0.0005168668817453947,4,1,0,1,1.0
dnc2020,0.0014705882352941176,0.0,2.1684367588295767e-28,49,1,0,1,1.0
trumpadministration,0.0014705882352941176,0.0,2.1684367588295767e-28,49,1,0,1,1.0
aca,0.0014705882352941176,0.0,2.1684367588295767e-28,49,1,0,1,1.0
fakenewsalert,0.0014705882352941176,0.0,0.002019851802322396,4,1,0,1,1.0
indiafightscoronavirus,0.0014705882352941176,0.0,0.0007066544786061141,0,0,2,2,0.0
rentfreezenow,0.0014705882352941176,0.0,0.009721998037706483,6,1,0,1,1.0
postponeneeet,0.0014705882352941176,0.0,1.12679055627382e-22,20,1,0,1,1.0
heart,0.0014705882352941176,0.0,0.00949068787270303,0,1,0,1,1.0
godelhiites,0.0014705882352941176,0.0,0.010697524185888058,12,1,0,1,1.0
icairespondnow,0.0014705882352941176,0.0,8.437367654455075e-23,20,1,0,1,1.0
metrobackontrack,0.0014705882352941176,0.0,0.0026861966981539236,1,0,2,2,0.0
cruiseships,0.0014705882352941176,0.0,0.009206297120188382,0,1,0,1,1.0
panamacanal,0.0014705882352941176,0.0,0.009206297120188382,0,1,0,1,1.0
napoleon,0.0014705882352941176,0.0,0.009206297120188382,0,1,0,1,1.0
augustamasters,0.0014705882352941176,0.0,0.01027667956737736,0,1,0,1,1.0
misinformation,0.0014705882352941176,0.0,0.009461388000784205,3,1,0,1,1.0
prejudi,0.0014705882352941176,0.0,0.009461388000784205,3,1,0,1,1.0
postpone_ca_exam_till_nov,0.0014705882352941176,0.0,8.437367654455075e-23,20,1,0,1,1.0
todayinncdc,0.0014705882352941176,0.0,0.009587973798969047,3,0,1,1,0.0
domesticviolence,0.0014705882352941176,0.0,0.010652445054341568,0,0,1,1,0.0
ashas,0.0014705882352941176,0.0,0.010519521655129769,1,0,1,1,0.0
physicaldistance,0.0014705882352941176,0.0,0.009461388000784205,3,0,2,2,0.0
togetheralone,0.0014705882352941176,0.0,0.009461388000784205,3,0,1,1,0.0
californ,0.0014705882352941176,0.0,0.009461388000784205,3,0,1,1,0.0
coldandflu,0.0014705882352941176,0.0,2.1684367588295767e-28,50,1,0,1,1.0
winter,0.0014705882352941176,0.0,2.1684367588295767e-28,50,1,0,1,1.0
coronavid19,0.0014705882352941176,0.0,2.1684367588295767e-28,50,1,0,1,1.0
stimuluschecks,0.0014705882352941176,0.0,0.009461388000784205,3,1,0,1,1.0
trumppressconf,0.0014705882352941176,0.0,0.009461388000784205,3,1,0,1,1.0
selfisolation,0.0014705882352941176,0.0,0.009774592729298716,0,2,0,2,1.0
idea,0.0014705882352941176,0.0,0.009451375151139864,0,1,0,1,1.0
workfromhomelife,0.0014705882352941176,0.0,0.009461388000784205,3,1,0,1,1.0
stockmarketcrash2020,0.0014705882352941176,0.0,0.01821203511174505,0,1,0,1,1.0
sweden,0.0014705882352941176,0.0,0.01821203511174505,0,1,0,1,1.0
preclinical,0.0014705882352941176,0.0,0.010119256881433366,3,0,1,1,0.0
maxhospital,0.0014705882352941176,0.0,0.009206297120188382,0,1,0,1,1.0
alllivesmatters,0.0014705882352941176,0.0,0.009206297120188382,0,1,0,1,1.0
coronavirussingapore,0.0014705882352941176,0.0,0.009206297120188382,0,1,0,1,1.0
leehsienloong,0.0014705882352941176,0.0,0.009206297120188382,0,1,0,1,1.0
greece,0.0014705882352941176,0.0,0.009461388000784205,3,0,1,1,0.0
vancouver,0.0014705882352941176,0.0,0.0002570096296949402,14,1,0,1,1.0
endangeredspecies,0.0014705882352941176,0.0,0.009206297120188382,0,1,0,1,1.0
extinct,0.0014705882352941176,0.0,0.009206297120188382,0,1,0,1,1.0
tramps,0.0014705882352941176,0.0,0.009903315724710182,1,1,0,1,1.0
heat,0.0014705882352941176,0.0,0.009461388000784205,3,0,2,2,0.0
summer,0.0014705882352941176,0.0,0.009461388000784205,3,0,2,2,0.0
hairstylist,0.0014705882352941176,0.0,0.009206297120188382,0,1,0,1,1.0
diapers,0.0014705882352941176,0.0,0.010023242110674718,0,1,0,1,1.0
trumpliedamericansdied,0.0014705882352941176,0.0,0.009461388000784205,3,1,0,1,1.0
trumpdeathtoll200k,0.0014705882352941176,0.0,0.009461388000784205,3,1,0,1,1.0
zuckoff,0.0014705882352941176,0.0,0.0007310425174863486,0,0,1,1,0.0
takeitfromadoctor,0.0014705882352941176,0.0,0.0007310425174863486,0,0,1,1,0.0
shelteringinplace,0.0014705882352941176,0.0,0.009206297120188382,0,1,0,1,1.0
queenelizabeth,0.0014705882352941176,0.0,0.009461525743884792,3,1,0,1,1.0
disabilities,0.0014705882352941176,0.0,0.009461388000784205,3,0,1,1,0.0
grouphomes,0.0014705882352941176,0.0,0.009461388000784205,3,0,1,1,0.0
potus,0.0014705882352941176,0.0,0.01027667956737736,0,1,0,1,1.0
michigan,0.0014705882352941176,0.0006553748430939704,2.539819040213239e-05,11,1,2,3,0.3333333333333333
placebopills,0.0014705882352941176,0.0,0.009206297120188382,0,1,0,1,1.0
richardnixon,0.0014705882352941176,0.0,0.009206297120188382,0,1,0,1,1.0
medicines,0.0014705882352941176,0.0,0.010525539866194962,0,1,0,1,1.0
stopthespreadofcorona,0.0014705882352941176,0.0,0.0023350874523852564,2,1,0,1,1.0
lockdown21,0.0014705882352941176,0.0,0.0023350874523852564,2,1,0,1,1.0
breakfast,0.0014705882352941176,0.0,0.01821203511174505,3,0,4,4,0.0
santa,0.0014705882352941176,0.0,0.009206297120188382,0,1,0,1,1.0
patientzero,0.0014705882352941176,0.0,0.009206297120188382,0,1,0,1,1.0
sofi2020,0.0014705882352941176,0.0,0.009461388000784205,3,0,3,3,0.0
un75,0.0014705882352941176,0.0,0.009472962579114593,3,0,10,10,0.0
chhattisgarh,0.0014705882352941176,0.0,0.0021900933449625,2,0,1,1,0.0
quasimodo,0.0014705882352941176,0.0,2.1684367588295767e-28,51,1,0,1,1.0
beavercrossing,0.0014705882352941176,0.0,2.1684367588295767e-28,51,1,0,1,1.0
hobson,0.0014705882352941176,0.0,2.1684367588295767e-28,51,1,0,1,1.0
ncdcteam,0.0014705882352941176,0.0,0.009587973798969047,3,0,3,3,0.0
space,0.0014705882352941176,0.0,0.01027667956737736,0,1,0,1,1.0
religion,0.0014705882352941176,0.0,0.009206297120188382,0,1,0,1,1.0
god,0.0014705882352941176,0.0,0.009206297120188382,0,1,0,1,1.0
icmrf,0.0014705882352941176,0.0,0.009966067928019207,3,0,1,1,0.0
computers,0.0014705882352941176,0.0,0.01027667956737736,0,1,0,1,1.0
cats,0.0014705882352941176,0.0,0.009461388000784205,3,1,0,1,1.0
aoc,0.0014705882352941176,0.0,0.0013274926209458206,0,1,0,1,1.0
insurance,0.0014705882352941176,0.0,0.010405448573677267,0,1,0,1,1.0
lapdance,0.0014705882352941176,0.0,0.010525539866194962,0,1,0,1,1.0
opioid,0.0014705882352941176,0.0,0.009745408314434075,0,1,0,1,1.0
timeathome,0.0014705882352941176,0.0,0.009206297120188382,0,1,0,1,1.0
israel,0.0014705882352941176,0.0,0.009760971354551897,4,1,0,1,1.0
reopensafely,0.0014705882352941176,0.0,0.0005240834221789659,22,0,2,2,0.0
bhubaneswar,0.0014705882352941176,0.0,0.009461388000784205,3,1,0,1,1.0
cuttack,0.0014705882352941176,0.0,0.009461388000784205,3,1,0,1,1.0
livelife,0.0014705882352941176,0.0,0.00017031316643692499,1,1,0,1,1.0
covidlockdown,0.0014705882352941176,0.0,0.00017031316643692499,1,1,0,1,1.0
delhihearts,0.0014705882352941176,0.0,0.0023350874523852564,2,1,0,1,1.0
delhipolice,0.0014705882352941176,0.0,0.0023350874523852564,2,1,0,1,1.0
tomhanks,0.0014705882352941176,0.0,0.009512117813966919,0,1,0,1,1.0
ingenuity,0.0014705882352941176,0.0,0.01821203511174505,0,1,0,1,1.0
golf,0.0014705882352941176,0.0,0.01027667956737736,0,1,0,1,1.0
doortodoordeworming,0.0014705882352941176,0.0,0.009467320106546197,3,0,1,1,0.0
strokes,0.0014705882352941176,0.0,0.009461388000784205,3,0,1,1,0.0
perfume,0.0014705882352941176,0.0,0.009206297120188382,0,1,0,1,1.0
aphrodisiac,0.0014705882352941176,0.0,0.009206297120188382,0,1,0,1,1.0
floridamarlins,0.0014705882352941176,0.0,0.009217559014160522,0,1,0,1,1.0
badalkarapnavyavaharkareincoronaparvaar,0.0014705882352941176,0.0,0.0016953128247846137,1,0,1,1,0.0
trump2020,0.0014705882352941176,0.0,0.009443854824081272,10,1,0,1,1.0
biologicalweapon,0.0014705882352941176,0.0,0.0007663562312336491,0,1,0,1,1.0
biologicalweapons,0.0014705882352941176,0.0,0.0007663562312336491,0,1,0,1,1.0
newmom,0.0014705882352941176,0.0,0.009461388000784205,3,0,1,1,0.0
animalcrossing,0.0014705882352941176,0.0,0.009461388000784205,3,1,0,1,1.0
nintendoswitch,0.0014705882352941176,0.0,0.009461388000784205,3,1,0,1,1.0
thenewnormal,0.0014705882352941176,0.0,0.005269668729224124,1,0,1,1,0.0
visor,0.0014705882352941176,0.0,0.0011515933651189169,0,0,1,1,0.0
ncdcrrt,0.0014705882352941176,0.0,0.009587973798969047,3,0,4,4,0.0
williambarr,0.0014705882352941176,0.0,2.1684367588295767e-28,38,1,0,1,1.0
songs,0.0014705882352941176,0.0,0.009206297120188382,0,1,0,1,1.0
theknack,0.0014705882352941176,0.0,0.009206297120188382,0,1,0,1,1.0
stpatricksday,0.0014705882352941176,0.0,0.0009923020482831132,0,1,0,1,1.0
lockdownontario,0.0014705882352941176,0.0,0.0009923020482831132,0,1,0,1,1.0
pmsby,0.0014705882352941176,0.0,0.013211042484657008,3,3,0,3,1.0
heartattacks,0.0014705882352941176,0.0,0.009461388000784205,3,0,1,1,0.0
dwaynejohnson,0.0014705882352941176,0.0,2.1684367588295767e-28,41,1,0,1,1.0
gregorypeck,0.0014705882352941176,0.0,2.1684367588295767e-28,41,1,0,1,1.0
onthebeach,0.0014705882352941176,0.0,2.1684367588295767e-28,41,1,0,1,1.0
chinesenationalflag,0.0014705882352941176,0.0,0.010654308872494868,0,1,0,1,1.0
workplacesafety,0.0014705882352941176,0.0,0.01821203511174505,0,1,0,1,1.0
lockdownextension,0.0014705882352941176,0.0,0.0023350874523852564,2,1,0,1,1.0
vicepresidentmikepence,0.0014705882352941176,0.0,2.1684367588295767e-28,38,1,0,1,1.0
stevenseagal,0.0014705882352941176,0.0,2.1684367588295767e-28,38,1,0,1,1.0
worldbreastfeedingweek,0.0014705882352941176,0.0,0.00024279760845913898,3,0,1,1,0.0
swasthabharat,0.0014705882352941176,0.0,0.00024279760845913898,3,0,2,2,0.0
maharshtra,0.0014705882352941176,0.0,0.0030782898642785356,2,0,1,1,0.0
disneymagicmoments,0.0014705882352941176,0.0,0.01821203511174505,0,1,0,1,1.0
bankerhaipolicenahi,0.0014705882352941176,0.0,0.0023350874523852564,2,1,0,1,1.0
cypriots,0.0014705882352941176,0.0,0.009206297120188382,0,0,1,1,0.0
arms,0.0014705882352941176,0.0,0.009206297120188382,0,0,1,1,0.0
afrorc70,0.0014705882352941176,0.0,0.009502779980443861,3,0,1,1,0.0
dental,0.0014705882352941176,0.0,0.010065428708934936,3,0,2,2,0.0
iceland,0.0014705882352941176,0.0,0.009706847696393708,0,0,1,1,0.0
worldmalariaday,0.0014705882352941176,0.0,0.009467320106546197,3,0,1,1,0.0
washington,0.0014705882352941176,0.0,0.00972395002487322,3,1,1,2,0.5
burgerking,0.0014705882352941176,0.0,0.009206297120188382,0,1,0,1,1.0
sofiavergara,0.0014705882352941176,0.0,0.009206297120188382,0,1,0,1,1.0
taxday,0.0014705882352941176,0.0,0.009721998037706483,6,1,0,1,1.0
hands,0.0014705882352941176,0.0,0.010064981771296793,0,1,0,1,1.0
wear,0.0014705882352941176,0.0,0.009918211866905386,0,0,1,1,0.0
pmqs,0.0014705882352941176,0.0,0.01821203511174505,0,0,9,9,0.0
workfromhome,0.0014705882352941176,0.0,0.012962182185839406,0,1,0,1,1.0
covidwarriortips,0.0014705882352941176,0.0,3.6485202121939446e-05,22,0,2,2,0.0
stopthespread,0.0014705882352941176,0.0,3.6485202121939446e-05,22,0,3,3,0.0
opinion,0.0014705882352941176,0.0,0.013408449806273395,0,1,0,1,1.0
worldsteamweek,0.0014705882352941176,0.0,0.010282214469923822,4,1,0,1,1.0
meatpacking,0.0014705882352941176,0.0,0.009692715122898874,10,1,0,1,1.0
ncdcfactcheck,0.0014705882352941176,0.0,0.009587973798969047,3,0,1,1,0.0
iran,0.0014705882352941176,0.0,0.013408449806273395,0,1,0,1,1.0
chloroquine,0.0014705882352941176,0.0,0.00046825625898440435,0,1,0,1,1.0
foggia,0.0014705882352941176,0.0,0.0007830008913009213,0,1,0,1,1.0
39,0.0014705882352941176,0.0,1.9321809789362006e-32,56,5,3,8,0.625
queenelizabethii,0.0014705882352941176,0.0,0.009461388000784205,3,1,0,1,1.0
princeharry,0.0014705882352941176,0.0,0.009461388000784205,3,1,0,1,1.0
barackobama,0.0014705882352941176,0.0,0.01027667956737736,0,1,0,1,1.0
medicaldoctor,0.0014705882352941176,0.0,0.0013274926209458206,0,1,0,1,1.0
trumpcouldhavesavedvalet,0.0014705882352941176,0.0,0.0013274926209458206,0,1,0,1,1.0
online,0.0014705882352941176,0.0,0.01821203511174505,0,1,0,1,1.0
vicpol,0.0014705882352941176,0.0,0.0005378885472279288,4,1,0,1,1.0
looters,0.0014705882352941176,0.0,0.009806511483575194,0,1,0,1,1.0
indiaindependenceday,0.0014705882352941176,0.0,0.004495484981113977,44,1,0,1,1.0
sarscov2,0.0014705882352941176,0.0,0.01821203511174505,3,0,2,2,0.0
cornoravirus,0.0014705882352941176,0.0,0.009461525743884792,3,1,0,1,1.0
thank,0.0014705882352941176,0.0,0.009482211291250453,3,0,1,1,0.0
editorial,0.0014705882352941176,0.0,0.009206297120188382,0,1,0,1,1.0
netflix,0.0014705882352941176,0.0,0.009206297120188382,0,1,0,1,1.0
treadmill,0.0014705882352941176,0.0,2.1684367588295767e-28,58,0,1,1,0.0
ncdcinthenews,0.0014705882352941176,0.0,0.009587973798969047,3,0,4,4,0.0
hurricanelaura,0.0014705882352941176,0.0,0.009461388000784205,3,0,1,1,0.0
laura,0.0014705882352941176,0.0,0.009461388000784205,3,0,1,1,0.0
abba,0.0014705882352941176,0.0,0.001427050085039903,0,1,0,1,1.0
superfit,0.0014705882352941176,0.0,2.1684367588295767e-28,58,0,1,1,0.0
staystrong,0.0014705882352941176,0.0,0.01821203511174505,0,1,0,1,1.0
malnutrition,0.0014705882352941176,0.0,0.009461388000784205,3,0,1,1,0.0
asthmaawareness,0.0014705882352941176,0.0,0.00946198367056523,32,0,1,1,0.0
cdntv,0.0014705882352941176,0.0,0.009721998037706483,6,1,0,1,1.0
ntaifitness,0.0014705882352941176,0.0,2.1684367588295767e-28,58,0,1,1,0.0
suspected,0.0014705882352941176,0.0,0.0005830241311033129,0,1,0,1,1.0
patient,0.0014705882352941176,0.0,0.0005830241311033129,0,1,0,1,1.0
coronavirusnyc,0.0014705882352941176,0.0,0.009692715122898874,10,1,0,1,1.0
bethe1to,0.0014705882352941176,0.0,0.009461388000784205,3,0,1,1,0.0
suicideprevention,0.0014705882352941176,0.0,0.009461388000784205,3,0,1,1,0.0
televangelist,0.0014705882352941176,0.0,0.009461388000784205,3,1,0,1,1.0
lgbtquarantine,0.0014705882352941176,0.0,0.01821203511174505,0,1,0,1,1.0
coronavirususa,0.0014705882352941176,0.0,0.00047383048184809583,10,1,0,1,1.0
notdying4wallstreet,0.0014705882352941176,0.0,0.00047383048184809583,10,1,0,1,1.0
nancypelosi,0.0014705882352941176,0.0,0.0013274926209458206,0,2,0,2,1.0
erscongress,0.0014705882352941176,0.0006553748430939704,0.009235949158247507,3,0,2,2,0.0
mother,0.0014705882352941176,0.0,0.009461388000784205,3,1,0,1,1.0
lockdown4,0.0014705882352941176,0.0,0.009461388000784205,3,1,0,1,1.0
coronaviruscanada,0.0014705882352941176,0.0,0.013657310105090997,3,2,0,2,1.0
oldpeople,0.0014705882352941176,0.0,0.010129917446224095,0,3,0,3,1.0
pleasecallme,0.0014705882352941176,0.0,0.009206297120188382,0,0,1,1,0.0
justice4makate,0.0014705882352941176,0.0,0.009206297120188382,0,0,1,1,0.0
germany,0.0014705882352941176,0.0,0.009525603039308208,0,0,1,1,0.0
nationalnews,0.0014705882352941176,0.0,2.1684367588295767e-28,57,0,1,1,0.0
washingtonstate,0.0014705882352941176,0.0,2.1684367588295767e-28,57,0,1,1,0.0
healthwatch,0.0014705882352941176,0.0,2.1684367588295767e-28,57,0,1,1,0.0
whoimpact,0.0014705882352941176,0.0,0.010317787485885114,3,0,11,11,0.0
classof2020,0.0014705882352941176,0.0,0.009461525743884792,3,0,1,1,0.0
covid19nc,0.0014705882352941176,0.0,2.1684367588295767e-28,55,1,0,1,1.0
ncpol,0.0014705882352941176,0.0,2.1684367588295767e-28,55,1,0,1,1.0
obesewomen,0.0014705882352941176,0.0,0.009206297120188382,0,1,0,1,1.0
hallmark,0.0014705882352941176,0.0,0.009206297120188382,0,1,0,1,1.0
backtoschool,0.0014705882352941176,0.0,0.009236556769023394,6,1,0,1,1.0
egocomebacktrailer,0.0014705882352941176,0.0,2.1684367588295767e-28,62,0,1,1,0.0
egoishere,0.0014705882352941176,0.0,2.1684367588295767e-28,62,0,1,1,0.0
wuhancoronavirusoutbreak,0.0014705882352941176,0.0,2.1684367588295767e-28,62,0,1,1,0.0
coronavirusuk,0.0014705882352941176,0.0,0.0050386427170968145,0,2,0,2,1.0
technology,0.0014705882352941176,0.0,0.0095503832034159,0,0,1,1,0.0
azizelmessaoudi,0.0014705882352941176,0.0,0.009206297120188382,0,0,1,1,0.0
nhprimary,0.0014705882352941176,0.0,0.009206297120188382,0,0,1,1,0.0
breastfeeding,0.0014705882352941176,0.0,0.009461388000784205,3,0,4,4,0.0
northdakota,0.0014705882352941176,0.0,0.010525539866194962,0,1,0,1,1.0
tuesdaylive,0.0014705882352941176,0.0,0.0002466394374213686,3,0,1,1,0.0
251,0.0014705882352941176,0.0,0.0002466394374213686,3,0,1,1,0.0
johnwayne,0.0014705882352941176,0.0,0.01027667956737736,0,1,0,1,1.0
oregon,0.0014705882352941176,0.0,2.1684367588295767e-28,48,1,0,1,1.0
portland,0.0014705882352941176,0.0,2.1684367588295767e-28,48,1,0,1,1.0
ghislainemaxwell,0.0014705882352941176,0.0,2.1684367588295767e-28,48,1,0,1,1.0
karipurairport,0.0014705882352941176,0.0,0.01078254064094456,3,1,0,1,1.0
illegalimmigrants,0.0014705882352941176,0.0,0.009206297120188382,0,1,0,1,1.0
ford,0.0014705882352941176,0.0,0.009206297120188382,0,1,0,1,1.0
delhifightscorona,0.0014705882352941176,0.0,0.0017588608740073902,12,1,0,1,1.0
arvindkejriwal,0.0014705882352941176,0.0,0.0017588608740073902,12,1,0,1,1.0
halal,0.0014705882352941176,0.0,0.0019678768000580263,0,1,0,1,1.0
covid19nz,0.0014705882352941176,0.0,0.013657310105090997,3,0,8,8,0.0
fightflu,0.0014705882352941176,0.0,0.010428530430465955,3,0,2,2,0.0
globalwarming,0.0014705882352941176,0.0,0.009206297120188382,0,1,0,1,1.0
conspiracy,0.0014705882352941176,0.0,0.009206297120188382,0,1,0,1,1.0
tulsatrumprally,0.0007352941176470588,0.0,0.009230447705281326,3,2,0,2,1.0
officialsecretsact,0.0007352941176470588,0.0,0.009230447705281326,3,1,0,1,1.0
whatwouldjuliansay,0.0007352941176470588,0.0,1.9321809789362006e-32,59,0,1,1,0.0
freeassange,0.0007352941176470588,0.0,1.9321809789362006e-32,59,0,1,1,0.0
hongkongprotest,0.0007352941176470588,0.0,0.008981587406463725,0,1,0,1,1.0
trumpvirus,0.0007352941176470588,0.0,0.008981587406463725,0,1,0,1,1.0
lax,0.0007352941176470588,0.0,0.0007476537290639701,0,1,0,1,1.0
peoplesdaily,0.0007352941176470588,0.0,0.0005440156328444835,0,0,1,1,0.0
stoptheflights,0.0007352941176470588,0.0,0.008981587406463725,0,1,0,1,1.0
blackmagic,0.0007352941176470588,0.0,0.008981587406463725,0,1,0,1,1.0
empressmarket,0.0007352941176470588,0.0,0.004426862399809671,2,1,0,1,1.0
jantacurfew,0.0007352941176470588,0.0,0.008981587406463725,0,0,1,1,0.0
savinglives,0.0007352941176470588,0.0,0.009230447705281326,3,1,0,1,1.0
rcafro70,0.0007352941176470588,0.0,0.009230447705281326,3,0,2,2,0.0
ucl,0.0007352941176470588,0.0,0.008981587406463725,0,1,0,1,1.0
beirut,0.0007352941176470588,0.0,0.009230447705281326,3,0,1,1,0.0
evali,0.0007352941176470588,0.0,0.009230447705281326,3,0,1,1,0.0
ers2020,0.0007352941176470588,0.0,0.0002254388425366984,3,0,1,1,0.0
worldhealthdata,0.0007352941176470588,0.0,0.009230447705281326,3,0,1,1,0.0
sxsw2020,0.0007352941176470588,0.0,0.008981587406463725,0,1,0,1,1.0
janaushadhidiwas2020,0.0007352941176470588,0.0,0.004426862399809671,2,0,1,1,0.0
water,0.0007352941176470588,0.0,0.008981587406463725,0,1,0,1,1.0
heroes,0.0007352941176470588,0.0,1.9321809789362006e-32,54,0,1,1,0.0
stayhomeforthem,0.0007352941176470588,0.0,1.9321809789362006e-32,54,0,1,1,0.0
infodemic,0.0007352941176470588,0.0,0.009230447705281326,3,1,0,1,1.0
oxygensaturation,0.0007352941176470588,0.0,0.0002580376272968099,12,0,1,1,0.0
prisoners,0.0007352941176470588,0.0,0.008981587406463725,0,1,0,1,1.0
covid19vic,0.0007352941176470588,0.0,0.009230447705281326,3,1,0,1,1.0
drbillingsgate,0.0007352941176470588,0.0,0.008981587406463725,0,1,0,1,1.0
selfparody,0.0007352941176470588,0.0,0.008981587406463725,0,1,0,1,1.0
aworldindisorder,0.0007352941176470588,0.0,0.009230447705281326,3,0,4,4,0.0
duncanwhitehead,0.0007352941176470588,0.0,0.008981587406463725,0,1,0,1,1.0
supertuesday,0.0007352941176470588,0.0,0.009230447705281326,3,0,1,1,0.0
notallheroeswearacape,0.0007352941176470588,0.0,0.008981587406463725,0,0,1,1,0.0
yourloss,0.0007352941176470588,0.0,1.9321809789362006e-32,64,1,0,1,1.0
seeyathisummerhonduras,0.0007352941176470588,0.0,1.9321809789362006e-32,64,1,0,1,1.0
medschool,0.0007352941176470588,0.0,0.003980594779375682,2,0,1,1,0.0
coronalockdown,0.0007352941176470588,0.0,0.00033642961049827803,1,1,0,1,1.0
notobacco,0.0007352941176470588,0.0,0.009230447705281326,3,0,1,1,0.0
beyondthedata,0.0007352941176470588,0.0,0.0002310780386034668,3,0,1,1,0.0
billbarr,0.0007352941176470588,0.0,0.0002999915360666949,0,1,0,1,1.0
telehealth,0.0007352941176470588,0.0,0.009230447705281326,3,0,1,1,0.0
cashewchicken,0.0007352941176470588,0.0,0.008981587406463725,0,1,0,1,1.0
plasmatherapy,0.0007352941176470588,0.0,0.009230447705281326,3,0,1,1,0.0
dhsreport,0.0007352941176470588,0.0,0.003980594779375682,2,1,0,1,1.0
covidnet,0.0007352941176470588,0.0,0.009230447705281326,3,0,1,1,0.0
covid2019india,0.0007352941176470588,0.0,0.0022780990685058815,2,1,0,1,1.0
cannabis,0.0007352941176470588,0.0,0.00026229499604380136,0,1,0,1,1.0
nursinghome,0.0007352941176470588,0.0,0.0014219973490602416,0,0,1,1,0.0
flattenthecurve,0.0007352941176470588,0.0,0.0005604409435012472,0,0,1,1,0.0
utpol,0.0007352941176470588,0.0,0.009230447705281326,3,1,0,1,1.0
humanrights,0.0007352941176470588,0.0,0.003980594779375682,2,0,1,1,0.0
zhang,0.0007352941176470588,0.0,0.008981587406463725,0,0,1,1,0.0
sexyteens,0.0007352941176470588,0.0,0.009230447705281326,3,1,0,1,1.0
diabetes,0.0007352941176470588,0.0,0.009230447705281326,3,0,2,2,0.0
rheaarrested,0.0007352941176470588,0.0,0.008981587406463725,0,1,0,1,1.0
allergies,0.0007352941176470588,0.0,0.009230447705281326,3,0,1,1,0.0
infections,0.0007352941176470588,0.0,0.00025303768643991333,3,0,1,1,0.0
cov,0.0007352941176470588,0.0,0.009230447705281326,3,0,1,1,0.0
ppe,0.0007352941176470588,0.0,0.009230447705281326,3,0,3,3,0.0
toilet,0.0007352941176470588,0.0,0.008981587406463725,0,1,0,1,1.0
mentalhealth,0.0007352941176470588,0.0,0.009230447705281326,3,0,1,1,0.0
rollingstones,0.0007352941176470588,0.0,0.008981587406463725,0,1,0,1,1.0
covax,0.0007352941176470588,0.0,0.009230447705281326,3,0,4,4,0.0
tests,0.0007352941176470588,0.0,0.003694007907457155,2,0,1,1,0.0
indians,0.0007352941176470588,0.0,0.00010978319833254523,44,1,0,1,1.0
lungtransplant,0.0007352941176470588,0.0,0.008981587406463725,0,0,1,1,0.0
coronil,0.0007352941176470588,0.0,0.0022780990685058815,2,2,0,2,1.0
playboy,0.0007352941176470588,0.0,0.008981587406463725,0,1,0,1,1.0
covd19,0.0007352941176470588,0.0,0.008981587406463725,0,1,0,1,1.0
takeresponslibility,0.0007352941176470588,0.0,0.009230447705281326,3,0,1,1,0.0
clinicians,0.0007352941176470588,0.0,0.009230447705281326,3,0,1,1,0.0
foghornleghorn,0.0007352941176470588,0.0,1.9321809789362006e-32,43,1,0,1,1.0
heneryhawk,0.0007352941176470588,0.0,1.9321809789362006e-32,43,1,0,1,1.0
marchmadness,0.0007352941176470588,0.0,0.0043857017827814305,2,1,0,1,1.0
anahita,0.0007352941176470588,0.0,0.0022780990685058815,2,1,0,1,1.0
cow,0.0007352941176470588,0.0,1.9321809789362006e-32,42,1,0,1,1.0
mars,0.0007352941176470588,0.0,1.9321809789362006e-32,42,1,0,1,1.0
foodsafety,0.0007352941176470588,0.0,0.009230447705281326,3,0,2,2,0.0
rc70afro,0.0007352941176470588,0.0,0.009230447705281326,3,0,2,2,0.0
ableg,0.0007352941176470588,0.0,0.0004915503324251565,6,2,0,2,1.0
tuesdaymotivation,0.0007352941176470588,0.0,0.009230447705281326,3,1,0,1,1.0
arrestfauci,0.0007352941176470588,0.0,1.9321809789362006e-32,65,1,0,1,1.0
arrestgates,0.0007352941176470588,0.0,1.9321809789362006e-32,65,1,0,1,1.0
telemedicine,0.0007352941176470588,0.0,0.009230447705281326,3,0,1,1,0.0
coworking,0.0007352941176470588,0.0,1.9321809789362006e-32,39,2,0,2,1.0
bicester,0.0007352941176470588,0.0,1.9321809789362006e-32,39,2,0,2,1.0
harveyweinstein,0.0007352941176470588,0.0,0.009230447705281326,3,1,0,1,1.0
viralvideo,0.0007352941176470588,0.0,0.009230447705281326,3,1,0,1,1.0
bulls,0.0007352941176470588,0.0,0.008981587406463725,0,1,0,1,1.0
diseasedetective,0.0007352941176470588,0.0,0.009230447705281326,3,0,2,2,0.0
uruguay,0.0007352941176470588,0.0,0.009230447705281326,3,0,1,1,0.0
selfdepricating,0.0007352941176470588,0.0,0.008981587406463725,0,1,0,1,1.0
t1d,0.0007352941176470588,0.0,0.009230447705281326,3,0,2,2,0.0
mitchmcconnell,0.0007352941176470588,0.0,1.9321809789362006e-32,66,1,0,1,1.0
heidiklum,0.0007352941176470588,0.0,1.9321809789362006e-32,66,1,0,1,1.0
sens,0.0007352941176470588,0.0,0.008981587406463725,0,1,0,1,1.0
ma,0.0007352941176470588,0.0,0.009230447705281326,3,0,1,1,0.0
cerb,0.0007352941176470588,0.0,0.009230447705281326,3,1,0,1,1.0
wha73,0.0007352941176470588,0.0,1.9321809789362006e-32,34,0,1,1,0.0
wha74,0.0007352941176470588,0.0,1.9321809789362006e-32,34,0,1,1,0.0
stress,0.0007352941176470588,0.0,0.009230447705281326,3,0,1,1,0.0
teamoffivemillion,0.0007352941176470588,0.0,1.9321809789362006e-32,35,0,1,1,0.0
tīmarimamiriona,0.0007352941176470588,0.0,1.9321809789362006e-32,35,0,1,1,0.0
indiafightscirona,0.0007352941176470588,0.0,0.009230447705281326,3,0,1,1,0.0
newzealand,0.0007352941176470588,0.0,0.009230447705281326,3,0,1,1,0.0
acog2020,0.0007352941176470588,0.0,0.009230447705281326,3,0,2,2,0.0
jennymccarthy,0.0007352941176470588,0.0,0.009230447705281326,3,1,0,1,1.0
loksabha,0.0007352941176470588,0.0,0.009230447705281326,3,0,1,1,0.0
testing,0.0007352941176470588,0.0,0.003980594779375682,2,0,1,1,0.0
amazon,0.0007352941176470588,0.0,0.008981587406463725,0,1,0,1,1.0
smallbusiness,0.0007352941176470588,0.0,0.008981587406463725,0,1,0,1,1.0
mrna,0.0007352941176470588,0.0,0.000309568062945796,0,0,3,3,0.0
karakaxlist,0.0007352941176470588,0.0,0.000474635425451068,0,1,0,1,1.0
update,0.0007352941176470588,0.0,0.008981587406463725,0,1,0,1,1.0
codecheck,0.0007352941176470588,0.0,0.009230447705281326,3,0,2,2,0.0
codvid19,0.0007352941176470588,0.0,0.0004915503324251565,6,1,0,1,1.0
a,0.0007352941176470588,0.0,1.9321809789362006e-32,30,1,0,1,1.0
3600mg,0.0007352941176470588,0.0,1.9321809789362006e-32,30,1,0,1,1.0
icymi,0.0007352941176470588,0.0,0.009230447705281326,3,0,2,2,0.0
russie,0.0007352941176470588,0.0,0.0005612312551409403,0,1,0,1,1.0
sally,0.0007352941176470588,0.0,0.009230447705281326,3,0,1,1,0.0
notmypresident,0.0007352941176470588,0.0,0.0002932435834862905,0,2,1,3,0.6666666666666666
maine,0.0007352941176470588,0.0,1.9321809789362006e-32,28,0,1,1,0.0
woodwardtapes,0.0007352941176470588,0.0,0.008981587406463725,0,1,0,1,1.0
newjersey,0.0007352941176470588,0.0,2.538306268773469e-05,11,0,2,2,0.0
vermont,0.0007352941176470588,0.0,1.9321809789362006e-32,28,0,5,5,0.0
kano,0.0007352941176470588,0.0,0.009230447705281326,3,0,1,1,0.0
covid19toronto,0.0007352941176470588,0.0,1.9321809789362006e-32,26,1,0,1,1.0
trinitybellwoodspark,0.0007352941176470588,0.0,1.9321809789362006e-32,26,1,0,1,1.0
cruise,0.0007352941176470588,0.0,0.009230447705281326,3,0,2,2,0.0
eular2020,0.0007352941176470588,0.0,0.009230447705281326,3,0,3,3,0.0
methanol,0.0007352941176470588,0.0,0.0002310780386034668,3,0,1,1,0.0
bioweapon,0.0007352941176470588,0.0,1.9321809789362006e-32,25,1,0,1,1.0
smartnews,0.0007352941176470588,0.0,1.9321809789362006e-32,25,1,1,2,0.5
autism,0.0007352941176470588,0.0,0.004426862399809671,2,1,0,1,1.0
clinicaltrials,0.0007352941176470588,0.0,0.009230447705281326,3,0,1,1,0.0
minnesota,0.0007352941176470588,0.0,2.538306268773469e-05,11,0,1,1,0.0
milk,0.0007352941176470588,0.0,0.0009217283182464581,1,1,0,1,1.0
virtualconferenceafrica,0.0007352941176470588,0.0,0.009230447705281326,3,0,1,1,0.0
ears,0.0007352941176470588,0.0,0.008981587406463725,0,1,0,1,1.0
covidalert,0.0007352941176470588,0.0,0.0002310780386034668,3,1,0,1,1.0
beatncds,0.0007352941176470588,0.0,0.009230447705281326,3,0,1,1,0.0
takeaction,0.0007352941176470588,0.0,0.009230447705281326,3,0,1,1,0.0
orangenetwork,0.0007352941176470588,0.0,0.009230447705281326,3,0,1,1,0.0
curfewondelhi,0.0007352941176470588,0.0,0.008981587406463725,0,1,0,1,1.0
plandemic,0.0007352941176470588,0.0,0.009230447705281326,3,1,0,1,1.0
pornography,0.0007352941176470588,0.0,0.008981587406463725,0,1,0,1,1.0
uighurs,0.0007352941176470588,0.0,0.008981587406463725,0,1,0,1,1.0
kolkataairport,0.0007352941176470588,0.0,0.008981587406463725,0,1,0,1,1.0
mauritius,0.0007352941176470588,0.0,0.009230447705281326,3,0,1,1,0.0
takeresponsibilty,0.0007352941176470588,0.0,0.009230447705281326,3,0,1,1,0.0
pui,0.0007352941176470588,0.0,0.009230447705281326,3,0,2,2,0.0
faq,0.0007352941176470588,0.0,0.009230447705281326,3,0,4,4,0.0
miracles_of_trueworship,0.0007352941176470588,0.0,0.0022780990685058815,2,1,0,1,1.0
covaxin,0.0007352941176470588,0.0,0.009230447705281326,3,1,0,1,1.0
contacttracing,0.0007352941176470588,0.0,0.008981587406463725,0,0,1,1,0.0
bharatbiotech,0.0007352941176470588,0.0,0.0022780990685058815,2,1,0,1,1.0
virginia,0.0007352941176470588,0.0,2.538306268773469e-05,11,0,1,1,0.0
gaumutr_steaming,0.0007352941176470588,0.0,1.9321809789362006e-32,27,1,0,1,1.0
cowurinesteambar,0.0007352941176470588,0.0,1.9321809789362006e-32,27,1,0,1,1.0
noahsark,0.0007352941176470588,0.0,0.008981587406463725,0,1,0,1,1.0
nails,0.0007352941176470588,0.0,6.199760222312974e-07,11,1,0,1,1.0
brooklyn,0.0007352941176470588,0.0,0.008981587406463725,0,1,0,1,1.0
moistly,0.0007352941176470588,0.0,0.009230447705281326,3,1,0,1,1.0
schoolsreopening,0.0007352941176470588,0.0,1.9321809789362006e-32,24,1,0,1,1.0
stop,0.0007352941176470588,0.0,1.9321809789362006e-32,24,1,0,1,1.0
wor,0.0007352941176470588,0.0,0.009230447705281326,3,0,1,1,0.0
covidpandemic,0.0007352941176470588,0.0,0.0012890739498484416,1,0,1,1,0.0
facecover,0.0007352941176470588,0.0,0.009230447705281326,3,0,1,1,0.0
n95s,0.0007352941176470588,0.0,0.009230447705281326,3,0,1,1,0.0
parent,0.0007352941176470588,0.0,0.009230447705281326,3,0,1,1,0.0
mothersday,0.0007352941176470588,0.0,1.9321809789362006e-32,21,1,0,1,1.0
thankyoumom,0.0007352941176470588,0.0,1.9321809789362006e-32,21,1,0,1,1.0
acuteflaccidmyelitis,0.0007352941176470588,0.0,0.009230447705281326,3,0,1,1,0.0
hcp,0.0007352941176470588,0.0,0.009230447705281326,3,0,3,3,0.0
selfcare,0.0007352941176470588,0.0,0.009230447705281326,3,0,1,1,0.0
breastfeed,0.0007352941176470588,0.0,0.009230447705281326,3,0,1,1,0.0
malpractice,0.0007352941176470588,0.0,0.003980594779375682,2,0,1,1,0.0
unitednations,0.0007352941176470588,0.0,0.0005440156328444835,0,1,0,1,1.0
mongolia,0.0007352941176470588,0.0,0.009230447705281326,3,0,1,1,0.0
actnow,0.0007352941176470588,0.0,0.0009554620818444689,0,0,2,2,0.0
convalescent,0.0007352941176470588,0.0,1.9321809789362006e-32,16,0,2,2,0.0
covid_19asserts,0.0007352941176470588,0.0,1.9321809789362006e-32,16,0,2,2,0.0
disney,0.0007352941176470588,0.0,0.0043857017827814305,2,1,0,1,1.0
tb,0.0007352941176470588,0.0,0.009230447705281326,3,0,3,3,0.0
covid19update,0.0007352941176470588,0.0,0.009230447705281326,3,0,1,1,0.0
nortedame,0.0007352941176470588,0.0,0.008981587406463725,0,1,0,1,1.0
kcrfailedtelangana,0.0007352941176470588,0.0,1.9321809789362006e-32,15,1,0,1,1.0
bangarutelangana,0.0007352941176470588,0.0,1.9321809789362006e-32,15,1,0,1,1.0
binaxnow,0.0007352941176470588,0.0,0.008981587406463725,0,1,0,1,1.0
asl,0.0007352941176470588,0.0,0.009230447705281326,3,0,1,1,0.0
dialysis,0.0007352941176470588,0.0,0.009230447705281326,3,0,1,1,0.0
dexamethasone,0.0007352941176470588,0.0,0.009230447705281326,3,0,2,2,0.0
ncdcwer,0.0007352941176470588,0.0,0.009230447705281326,3,0,2,2,0.0
covidcanada,0.0007352941176470588,0.0,0.009230447705281326,3,1,0,1,1.0
takebreaks,0.0007352941176470588,0.0,0.009230447705281326,3,0,1,1,0.0
tokyo2020,0.0007352941176470588,0.0,0.009230447705281326,3,1,0,1,1.0
takerespinsibility,0.0007352941176470588,0.0,0.009230447705281326,3,0,1,1,0.0
corporations,0.0007352941176470588,0.0,0.0014219973490602416,0,1,0,1,1.0
dr,0.0007352941176470588,0.0,0.003980594779375682,2,1,0,1,1.0
coronavacccine,0.0007352941176470588,0.0,0.008981587406463725,0,1,0,1,1.0
ccc19,0.0007352941176470588,0.0,0.009230447705281326,3,0,1,1,0.0
covid19science,0.0007352941176470588,0.0,0.009230447705281326,3,0,7,7,0.0
contacttracers,0.0007352941176470588,0.0,0.0006018474113376692,0,0,1,1,0.0
afaracare,0.0007352941176470588,0.0,0.009230447705281326,3,1,0,1,1.0
smallpox,0.0007352941176470588,0.0,0.0005760637782938684,0,1,0,1,1.0
healthequity,0.0007352941176470588,0.0,0.009230447705281326,3,0,4,4,0.0
fourthofjuly,0.0007352941176470588,0.0,0.009230447705281326,3,0,1,1,0.0
caregivers,0.0007352941176470588,0.0,0.009230447705281326,3,0,1,1,0.0
ibs,0.0007352941176470588,0.0,0.009230447705281326,3,1,0,1,1.0
cornavirusfacts,0.0007352941176470588,0.0,0.0005052364994180157,4,1,0,1,1.0
fauci,0.0007352941176470588,0.0,1.9321809789362006e-32,37,1,1,2,0.5
nih,0.0007352941176470588,0.0,1.9321809789362006e-32,37,1,0,1,1.0
